fold,alpha_0_0.13125,alpha_1_0.12529,alpha_2_0.11959,alpha_3_0.11416,alpha_4_0.10897,alpha_5_0.10402,alpha_6_0.09929,alpha_7_0.09478,alpha_8_0.09047,alpha_9_0.08636,alpha_10_0.08243,alpha_11_0.07868,alpha_12_0.07511,alpha_13_0.07169,alpha_14_0.06844,alpha_15_0.06532,alpha_16_0.06236,alpha_17_0.05952,alpha_18_0.05682,alpha_19_0.05423,alpha_20_0.05177,alpha_21_0.04942,alpha_22_0.04717,alpha_23_0.04503,alpha_24_0.04298,alpha_25_0.04103,alpha_26_0.03916,alpha_27_0.03738,alpha_28_0.03568,alpha_29_0.03406,alpha_30_0.03251,alpha_31_0.03103,alpha_32_0.02962,alpha_33_0.02828,alpha_34_0.02699,alpha_35_0.02577,alpha_36_0.02459,alpha_37_0.02348,alpha_38_0.02241,alpha_39_0.02139,alpha_40_0.02042,alpha_41_0.01949,alpha_42_0.01860,alpha_43_0.01776,alpha_44_0.01695,alpha_45_0.01618,alpha_46_0.01545,alpha_47_0.01474,alpha_48_0.01407,alpha_49_0.01343,alpha_50_0.01282,alpha_51_0.01224,alpha_52_0.01168,alpha_53_0.01115,alpha_54_0.01065,alpha_55_0.01016,alpha_56_0.00970,alpha_57_0.00926,alpha_58_0.00884,alpha_59_0.00844,alpha_60_0.00805,alpha_61_0.00769,alpha_62_0.00734,alpha_63_0.00700,alpha_64_0.00669,alpha_65_0.00638,alpha_66_0.00609,alpha_67_0.00582,alpha_68_0.00555,alpha_69_0.00530,alpha_70_0.00506,alpha_71_0.00483,alpha_72_0.00461,alpha_73_0.00440,alpha_74_0.00420,alpha_75_0.00401,alpha_76_0.00383,alpha_77_0.00365,alpha_78_0.00349,alpha_79_0.00333,alpha_80_0.00318,alpha_81_0.00303,alpha_82_0.00289,alpha_83_0.00276,alpha_84_0.00264,alpha_85_0.00252,alpha_86_0.00240,alpha_87_0.00229,alpha_88_0.00219,alpha_89_0.00209,alpha_90_0.00199,alpha_91_0.00190,alpha_92_0.00182,alpha_93_0.00174,alpha_94_0.00166,alpha_95_0.00158,alpha_96_0.00151,alpha_97_0.00144,alpha_98_0.00138,alpha_99_0.00131
0,0.49805950840879687,0.49805950840879687,0.49805950840879687,0.49805950840879687,0.5058214747736093,0.5084087968952135,0.5071151358344114,0.5084087968952135,0.5148771021992238,0.5135834411384217,0.5291073738680466,0.535575679172057,0.536869340232859,0.5433376455368694,0.5433376455368694,0.55627425614489,0.5705045278137129,0.5705045278137129,0.5666235446313066,0.574385510996119,0.5730918499353169,0.5730918499353169,0.5795601552393272,0.5847347994825356,0.5834411384217335,0.5873221216041398,0.592496765847348,0.5950840879689522,0.6028460543337646,0.6093143596377749,0.6183699870633894,0.6248382923673997,0.6209573091849935,0.6209573091849935,0.6248382923673997,0.6209573091849935,0.6235446313065977,0.6222509702457956,0.6209573091849935,0.6222509702457956,0.6248382923673997,0.628719275549806,0.630012936610608,0.630012936610608,0.6377749029754204,0.648124191461837,0.6507115135834411,0.6520051746442432,0.6623544631306598,0.6623544631306598,0.6649417852522639,0.6649417852522639,0.6649417852522639,0.6584734799482536,0.6532988357050453,0.6455368693402329,0.6494178525226391,0.6545924967658473,0.6532988357050453,0.6532988357050453,0.648124191461837,0.6429495472186287,0.6364812419146184,0.6274256144890039,0.6183699870633894,0.6067270375161707,0.6041397153945667,0.6041397153945667,0.5937904269081501,0.5860284605433377,0.5821474773609314,0.5756791720569211,0.5769728331177232,0.5808538163001293,0.5717981888745148,0.5705045278137129,0.5679172056921087,0.5653298835705045,0.5601552393272963,0.553686934023286,0.5485122897800776,0.5420439844760673,0.5316946959896507,0.5316946959896507,0.5316946959896507,0.5304010349288486,0.5278137128072445,0.5278137128072445,0.5304010349288486,0.5265200517464425,0.5239327296248383,0.5252263906856404,0.5226390685640362,0.5200517464424321,0.5200517464424321,0.5161707632600259,0.5148771021992238,0.5084087968952135,0.5058214747736093,0.5058214747736093
1,0.5476510067114094,0.538255033557047,0.538255033557047,0.5436241610738255,0.5355704697986577,0.5328859060402684,0.5315436241610738,0.5409395973154363,0.5409395973154363,0.5395973154362416,0.548993288590604,0.548993288590604,0.5476510067114094,0.5610738255033557,0.5691275167785235,0.5785234899328859,0.5771812080536913,0.5785234899328859,0.5798657718120805,0.5785234899328859,0.5838926174496645,0.5798657718120805,0.574496644295302,0.5798657718120805,0.5785234899328859,0.5758389261744966,0.5758389261744966,0.574496644295302,0.5704697986577181,0.5637583892617449,0.5637583892617449,0.5677852348993289,0.5651006711409396,0.5597315436241611,0.5543624161073826,0.5570469798657718,0.553020134228188,0.553020134228188,0.5422818791946309,0.5395973154362416,0.5476510067114094,0.5476510067114094,0.5476510067114094,0.5516778523489932,0.5463087248322148,0.5395973154362416,0.5369127516778524,0.5328859060402684,0.5302013422818792,0.5369127516778524,0.5436241610738255,0.5436241610738255,0.538255033557047,0.5328859060402684,0.5328859060402684,0.5369127516778524,0.5328859060402684,0.5302013422818792,0.5221476510067115,0.5194630872483221,0.5194630872483221,0.5167785234899329,0.5221476510067115,0.5208053691275167,0.5302013422818792,0.5315436241610738,0.538255033557047,0.5395973154362416,0.5436241610738255,0.548993288590604,0.5516778523489932,0.5463087248322148,0.5422818791946309,0.5409395973154363,0.5449664429530201,0.5463087248322148,0.538255033557047,0.5409395973154363,0.5409395973154363,0.5342281879194631,0.538255033557047,0.5355704697986577,0.5355704697986577,0.5328859060402684,0.5369127516778524,0.5355704697986577,0.5328859060402684,0.5302013422818792,0.5315436241610738,0.5342281879194631,0.5355704697986577,0.5369127516778524,0.5328859060402684,0.5302013422818792,0.5328859060402684,0.5315436241610738,0.5315436241610738,0.5302013422818792,0.5302013422818792,0.5261744966442953
2,0.5,0.5,0.5,0.5940438871473355,0.6849529780564263,0.7241379310344828,0.7241379310344828,0.7210031347962382,0.7178683385579937,0.7115987460815048,0.7084639498432602,0.7068965517241379,0.6990595611285266,0.7068965517241379,0.7147335423197492,0.7147335423197492,0.713166144200627,0.7210031347962382,0.7178683385579937,0.7163009404388715,0.7225705329153606,0.7210031347962382,0.7210031347962382,0.7178683385579937,0.7100313479623824,0.713166144200627,0.7100313479623824,0.7115987460815048,0.7053291536050157,0.7021943573667712,0.7084639498432602,0.7163009404388715,0.7163009404388715,0.725705329153605,0.7241379310344828,0.725705329153605,0.7272727272727273,0.731974921630094,0.731974921630094,0.7351097178683386,0.7335423197492164,0.7335423197492164,0.725705329153605,0.7163009404388715,0.7163009404388715,0.719435736677116,0.7210031347962382,0.7225705329153606,0.7210031347962382,0.719435736677116,0.7147335423197492,0.713166144200627,0.7163009404388715,0.7225705329153606,0.7272727272727273,0.7241379310344828,0.7225705329153606,0.7241379310344828,0.719435736677116,0.7147335423197492,0.7037617554858934,0.7021943573667712,0.6943573667711599,0.6959247648902821,0.7037617554858934,0.6990595611285266,0.6912225705329154,0.6818181818181818,0.6802507836990596,0.6802507836990596,0.6661442006269592,0.6567398119122257,0.6489028213166145,0.6442006269592476,0.64576802507837,0.64576802507837,0.6442006269592476,0.6551724137931034,0.6520376175548589,0.6520376175548589,0.6520376175548589,0.6473354231974922,0.6442006269592476,0.6442006269592476,0.6410658307210031,0.64576802507837,0.6536050156739812,0.6614420062695925,0.664576802507837,0.664576802507837,0.664576802507837,0.6677115987460815,0.6724137931034483,0.6739811912225705,0.6818181818181818,0.6818181818181818,0.6865203761755486,0.6880877742946708,0.6833855799373041,0.6865203761755486
3,0.5,0.5,0.6246056782334385,0.6309148264984227,0.6340694006309149,0.6356466876971609,0.6403785488958991,0.6466876971608833,0.6419558359621451,0.637223974763407,0.6419558359621451,0.6529968454258676,0.6529968454258676,0.6608832807570978,0.6624605678233438,0.6608832807570978,0.6608832807570978,0.668769716088328,0.6593059936908517,0.6577287066246057,0.6593059936908517,0.6561514195583596,0.6545741324921136,0.6529968454258676,0.6561514195583596,0.6593059936908517,0.6577287066246057,0.6545741324921136,0.6545741324921136,0.6514195583596214,0.6435331230283912,0.637223974763407,0.6309148264984227,0.6261829652996845,0.6198738170347003,0.610410094637224,0.6072555205047319,0.5977917981072555,0.5914826498422713,0.5867507886435331,0.5788643533123028,0.5772870662460567,0.5772870662460567,0.5725552050473186,0.5788643533123028,0.5772870662460567,0.5662460567823344,0.5678233438485805,0.5662460567823344,0.5583596214511041,0.5473186119873817,0.5488958990536278,0.5473186119873817,0.5378548895899053,0.5299684542586751,0.5157728706624606,0.5126182965299685,0.5078864353312302,0.5110410094637224,0.5031545741324921,0.4952681388012618,0.49053627760252366,0.49842271293375395,0.5,0.5,0.49369085173501576,0.48738170347003157,0.4842271293375394,0.47318611987381703,0.4747634069400631,0.47634069400630913,0.47318611987381703,0.4747634069400631,0.47791798107255523,0.4810725552050473,0.47791798107255523,0.4794952681388013,0.4794952681388013,0.47318611987381703,0.4637223974763407,0.4605678233438486,0.46214511041009465,0.45110410094637227,0.4479495268138801,0.444794952681388,0.444794952681388,0.4479495268138801,0.44637223974763407,0.44952681388012616,0.44637223974763407,0.44637223974763407,0.44952681388012616,0.44952681388012616,0.4479495268138801,0.4416403785488959,0.443217665615142,0.444794952681388,0.4479495268138801,0.45110410094637227,0.45741324921135645
4,0.489851150202977,0.4939106901217862,0.510148849797023,0.5115020297699594,0.5142083897158322,0.5142083897158322,0.5209742895805142,0.5223274695534507,0.5209742895805142,0.5223274695534507,0.5290933694181326,0.5223274695534507,0.5223274695534507,0.5372124492557511,0.5426251691474966,0.550744248985115,0.5534506089309879,0.5548037889039242,0.5615696887686062,0.5723951285520974,0.5751014884979703,0.577807848443843,0.5764546684709067,0.5737483085250338,0.577807848443843,0.5764546684709067,0.577807848443843,0.5818673883626523,0.5886332882273342,0.5872801082543978,0.5872801082543978,0.5872801082543978,0.5953991880920162,0.5967523680649527,0.5981055480378891,0.5981055480378891,0.5967523680649527,0.5940460081190798,0.5981055480378891,0.5899864682002707,0.584573748308525,0.5764546684709067,0.5751014884979703,0.5751014884979703,0.5737483085250338,0.5832205683355887,0.5805142083897158,0.584573748308525,0.584573748308525,0.591339648173207,0.5940460081190798,0.5886332882273342,0.5859269282814614,0.5886332882273342,0.5953991880920162,0.5899864682002707,0.5981055480378891,0.6008119079837618,0.5994587280108254,0.5953991880920162,0.5926928281461434,0.5872801082543978,0.5791610284167794,0.5832205683355887,0.577807848443843,0.5859269282814614,0.5859269282814614,0.5832205683355887,0.5818673883626523,0.5805142083897158,0.5764546684709067,0.5723951285520974,0.5751014884979703,0.5723951285520974,0.5669824086603519,0.5629228687415426,0.5615696887686062,0.564276048714479,0.5615696887686062,0.5615696887686062,0.5548037889039242,0.5588633288227334,0.5561569688768606,0.5629228687415426,0.5615696887686062,0.5615696887686062,0.564276048714479,0.5629228687415426,0.5669824086603519,0.5656292286874154,0.5723951285520974,0.5683355886332883,0.5669824086603519,0.571041948579161,0.5737483085250338,0.5764546684709067,0.5751014884979703,0.5723951285520974,0.571041948579161,0.5723951285520974
5,0.5,0.47746478873239434,0.532394366197183,0.5507042253521127,0.5535211267605634,0.5535211267605634,0.5492957746478874,0.5492957746478874,0.5464788732394367,0.5492957746478874,0.5676056338028169,0.576056338028169,0.5732394366197183,0.5788732394366197,0.5845070422535211,0.5873239436619718,0.5845070422535211,0.5845070422535211,0.5887323943661972,0.5957746478873239,0.5943661971830986,0.5859154929577465,0.5845070422535211,0.5901408450704225,0.5845070422535211,0.5845070422535211,0.5802816901408451,0.5774647887323944,0.5746478873239437,0.571830985915493,0.5676056338028169,0.5633802816901409,0.5647887323943662,0.5549295774647888,0.5521126760563381,0.543661971830986,0.5394366197183098,0.5309859154929577,0.5309859154929577,0.5211267605633803,0.5154929577464789,0.5183098591549296,0.5154929577464789,0.5169014084507042,0.5295774647887324,0.5267605633802817,0.523943661971831,0.5211267605633803,0.5154929577464789,0.5183098591549296,0.5183098591549296,0.5211267605633803,0.5267605633802817,0.5267605633802817,0.528169014084507,0.5267605633802817,0.5197183098591549,0.5154929577464789,0.5140845070422535,0.5140845070422535,0.5084507042253521,0.5070422535211268,0.5028169014084507,0.4971830985915493,0.49859154929577465,0.5028169014084507,0.5070422535211268,0.5098591549295775,0.5169014084507042,0.523943661971831,0.528169014084507,0.5352112676056338,0.5380281690140845,0.5380281690140845,0.5408450704225352,0.5408450704225352,0.5352112676056338,0.5366197183098591,0.5338028169014084,0.5366197183098591,0.532394366197183,0.5380281690140845,0.5352112676056338,0.5380281690140845,0.5295774647887324,0.5309859154929577,0.532394366197183,0.5295774647887324,0.5338028169014084,0.5295774647887324,0.5225352112676056,0.5197183098591549,0.5154929577464789,0.5154929577464789,0.5140845070422535,0.5140845070422535,0.5154929577464789,0.5169014084507042,0.5197183098591549,0.5169014084507042
6,0.5357142857142857,0.5357142857142857,0.5357142857142857,0.5357142857142857,0.5357142857142857,0.5425824175824175,0.5439560439560439,0.5453296703296703,0.5425824175824175,0.5563186813186813,0.5563186813186813,0.5604395604395604,0.570054945054945,0.5741758241758241,0.5782967032967034,0.5810439560439561,0.5851648351648352,0.5947802197802198,0.5947802197802198,0.6016483516483516,0.6098901098901099,0.6153846153846154,0.6291208791208791,0.6428571428571429,0.6552197802197802,0.6607142857142857,0.6689560439560439,0.6730769230769231,0.6758241758241759,0.6895604395604396,0.6978021978021978,0.7019230769230769,0.7074175824175825,0.7101648351648352,0.7115384615384616,0.7129120879120879,0.7115384615384616,0.7129120879120879,0.7239010989010989,0.7321428571428571,0.7293956043956044,0.7335164835164835,0.7403846153846154,0.7376373626373627,0.7348901098901099,0.7335164835164835,0.7376373626373627,0.7335164835164835,0.7376373626373627,0.739010989010989,0.7458791208791209,0.7472527472527473,0.7431318681318682,0.7431318681318682,0.7403846153846154,0.7403846153846154,0.7376373626373627,0.7321428571428571,0.7321428571428571,0.7239010989010989,0.7239010989010989,0.7142857142857143,0.6978021978021978,0.6978021978021978,0.6881868131868132,0.6881868131868132,0.6854395604395604,0.6813186813186813,0.6771978021978022,0.6771978021978022,0.6758241758241759,0.6758241758241759,0.679945054945055,0.6840659340659341,0.6813186813186813,0.6744505494505495,0.6744505494505495,0.6703296703296703,0.6689560439560439,0.6717032967032966,0.6703296703296703,0.6744505494505495,0.6758241758241759,0.6744505494505495,0.6717032967032966,0.6689560439560439,0.6620879120879121,0.6620879120879121,0.6607142857142857,0.6607142857142857,0.6620879120879121,0.6648351648351648,0.6662087912087912,0.6689560439560439,0.6648351648351648,0.6662087912087912,0.6648351648351648,0.6634615384615384,0.6675824175824175,0.6675824175824175
7,0.5920303605313093,0.571157495256167,0.5635673624288425,0.5616698292220114,0.5749525616698292,0.5844402277039848,0.5958254269449715,0.5977229601518027,0.5920303605313093,0.5901328273244781,0.5920303605313093,0.5920303605313093,0.571157495256167,0.5768500948766604,0.5844402277039848,0.5863377609108159,0.5825426944971537,0.5825426944971537,0.5863377609108159,0.5977229601518027,0.6053130929791272,0.6053130929791272,0.6091081593927894,0.6072106261859582,0.6129032258064516,0.618595825426945,0.6242884250474383,0.6261859582542695,0.6299810246679317,0.6299810246679317,0.6280834914611005,0.6204933586337761,0.6148007590132827,0.6204933586337761,0.6261859582542695,0.6223908918406073,0.6242884250474383,0.6148007590132827,0.6166982922201139,0.6072106261859582,0.5996204933586338,0.5958254269449715,0.5882352941176471,0.5673624288425048,0.5597722960151803,0.5654648956356736,0.5521821631878557,0.5464895635673624,0.538899430740038,0.540796963946869,0.5313092979127134,0.5332068311195446,0.5275142314990512,0.5180265654648957,0.5066413662239089,0.5009487666034156,0.4952561669829222,0.48956356736242884,0.4838709677419355,0.48007590132827327,0.47438330170777987,0.47438330170777987,0.4667931688804554,0.4629981024667932,0.4629981024667932,0.46110056925996207,0.45161290322580644,0.4497153700189753,0.4497153700189753,0.4573055028462998,0.4629981024667932,0.4629981024667932,0.4648956356736243,0.4629981024667932,0.4573055028462998,0.45351043643263755,0.4573055028462998,0.45351043643263755,0.45351043643263755,0.45540796963946867,0.4478178368121442,0.45161290322580644,0.4497153700189753,0.45920303605313095,0.4573055028462998,0.4497153700189753,0.4459203036053131,0.43833017077798864,0.43833017077798864,0.44022770398481975,0.43833017077798864,0.43453510436432635,0.43453510436432635,0.4307400379506641,0.428842504743833,0.4307400379506641,0.4364326375711575,0.43263757115749524,0.4307400379506641,0.4250474383301708
8,0.5,0.5,0.5,0.5,0.5696594427244582,0.6888544891640866,0.7136222910216719,0.7291021671826625,0.7352941176470589,0.7321981424148607,0.7275541795665634,0.7198142414860681,0.7151702786377709,0.718266253869969,0.7229102167182663,0.7260061919504643,0.718266253869969,0.7151702786377709,0.7291021671826625,0.7213622291021672,0.7275541795665634,0.7260061919504643,0.7291021671826625,0.7430340557275542,0.7445820433436533,0.7507739938080495,0.7430340557275542,0.7321981424148607,0.7260061919504643,0.7229102167182663,0.7151702786377709,0.6981424148606811,0.6888544891640866,0.6764705882352942,0.6656346749226006,0.6594427244582043,0.6578947368421053,0.6439628482972136,0.6362229102167183,0.6176470588235294,0.6160990712074303,0.5959752321981424,0.5897832817337462,0.5789473684210527,0.5758513931888545,0.565015479876161,0.5634674922600619,0.5495356037151703,0.5356037151702786,0.5247678018575851,0.5232198142414861,0.5108359133126935,0.5046439628482973,0.4984520123839009,0.5030959752321982,0.5030959752321982,0.5092879256965944,0.5092879256965944,0.5092879256965944,0.5061919504643962,0.5,0.5015479876160991,0.4969040247678019,0.4953560371517028,0.5,0.49226006191950467,0.49226006191950467,0.49226006191950467,0.4953560371517028,0.4969040247678019,0.4969040247678019,0.4969040247678019,0.4938080495356037,0.49226006191950467,0.4969040247678019,0.49226006191950467,0.4938080495356037,0.5015479876160991,0.5030959752321982,0.5061919504643962,0.5108359133126935,0.5170278637770898,0.5154798761609907,0.5139318885448917,0.5139318885448917,0.5077399380804953,0.5061919504643962,0.5046439628482973,0.5061919504643962,0.5061919504643962,0.5,0.4984520123839009,0.5030959752321982,0.5077399380804953,0.5077399380804953,0.5030959752321982,0.5061919504643962,0.5061919504643962,0.5046439628482973,0.5046439628482973
9,0.4766187050359712,0.4766187050359712,0.4766187050359712,0.4766187050359712,0.4766187050359712,0.4856115107913669,0.5,0.5197841726618705,0.5449640287769785,0.5449640287769785,0.5485611510791367,0.564748201438849,0.5665467625899281,0.5593525179856115,0.564748201438849,0.5557553956834532,0.5611510791366906,0.5593525179856115,0.5575539568345323,0.5665467625899281,0.5611510791366906,0.564748201438849,0.5575539568345323,0.552158273381295,0.5485611510791367,0.5503597122302158,0.5485611510791367,0.5485611510791367,0.5377697841726619,0.5323741007194245,0.5269784172661871,0.5161870503597122,0.512589928057554,0.5107913669064749,0.5089928057553957,0.5107913669064749,0.5071942446043165,0.5053956834532374,0.5017985611510791,0.5017985611510791,0.4982014388489209,0.4892086330935252,0.48741007194244607,0.4856115107913669,0.4856115107913669,0.4784172661870504,0.4910071942446043,0.49280575539568344,0.49460431654676257,0.4910071942446043,0.5,0.5,0.5107913669064749,0.5107913669064749,0.4982014388489209,0.4910071942446043,0.4982014388489209,0.49460431654676257,0.4856115107913669,0.48381294964028776,0.4910071942446043,0.4892086330935252,0.4856115107913669,0.48741007194244607,0.4856115107913669,0.4982014388489209,0.5,0.5035971223021583,0.5071942446043165,0.512589928057554,0.5107913669064749,0.5089928057553957,0.5143884892086331,0.5089928057553957,0.5143884892086331,0.512589928057554,0.512589928057554,0.5179856115107914,0.5179856115107914,0.5179856115107914,0.5197841726618705,0.5233812949640287,0.5287769784172662,0.5305755395683454,0.5305755395683454,0.5341726618705036,0.5377697841726619,0.539568345323741,0.539568345323741,0.5377697841726619,0.5341726618705036,0.5413669064748201,0.5449640287769785,0.5449640287769785,0.5503597122302158,0.5431654676258992,0.5467625899280576,0.5467625899280576,0.5449640287769785,0.5449640287769785
