,cv_fold
0,1.0
1,8.0
2,1.0
3,3.0
4,7.0
5,3.0
6,4.0
7,3.0
8,7.0
9,0.0
10,0.0
11,1.0
12,6.0
13,8.0
14,7.0
15,2.0
16,3.0
17,2.0
18,1.0
19,2.0
20,9.0
21,9.0
22,1.0
23,3.0
24,2.0
25,2.0
26,3.0
27,7.0
28,6.0
29,3.0
30,0.0
31,2.0
32,7.0
33,1.0
34,8.0
35,6.0
36,4.0
37,3.0
38,4.0
39,1.0
40,7.0
41,6.0
42,2.0
43,8.0
44,6.0
45,3.0
46,1.0
47,7.0
48,9.0
49,8.0
50,9.0
51,6.0
52,8.0
53,8.0
54,9.0
55,0.0
56,2.0
57,2.0
58,9.0
59,4.0
60,3.0
61,7.0
62,7.0
63,1.0
64,7.0
65,6.0
66,2.0
67,3.0
68,0.0
69,1.0
70,1.0
71,9.0
72,0.0
73,0.0
74,4.0
75,2.0
76,0.0
77,0.0
78,0.0
79,1.0
80,8.0
81,4.0
82,1.0
83,4.0
84,0.0
85,6.0
86,2.0
87,9.0
88,8.0
89,4.0
90,0.0
91,8.0
92,4.0
93,1.0
94,2.0
95,6.0
96,5.0
97,5.0
98,7.0
99,9.0
100,7.0
101,1.0
102,9.0
103,4.0
104,1.0
105,8.0
106,9.0
107,6.0
108,3.0
109,4.0
110,3.0
111,4.0
112,5.0
113,2.0
114,3.0
115,6.0
116,3.0
117,2.0
118,3.0
119,4.0
120,6.0
121,9.0
122,5.0
123,5.0
124,0.0
125,5.0
126,2.0
127,6.0
128,7.0
129,5.0
130,9.0
131,0.0
132,1.0
133,6.0
134,8.0
135,7.0
136,6.0
137,1.0
138,7.0
139,4.0
140,0.0
141,3.0
142,6.0
143,5.0
144,3.0
145,4.0
146,5.0
147,5.0
148,1.0
149,9.0
150,4.0
151,9.0
152,4.0
153,0.0
154,2.0
155,0.0
156,7.0
157,3.0
158,4.0
159,6.0
160,9.0
161,8.0
162,7.0
163,4.0
164,6.0
165,4.0
166,8.0
167,1.0
168,3.0
169,9.0
170,6.0
171,7.0
172,1.0
173,2.0
174,9.0
175,3.0
176,1.0
177,0.0
178,6.0
179,5.0
180,2.0
181,3.0
182,2.0
183,5.0
184,0.0
185,3.0
186,6.0
187,9.0
188,9.0
189,9.0
190,8.0
191,9.0
192,2.0
193,4.0
194,1.0
195,0.0
196,4.0
197,6.0
198,5.0
199,4.0
200,7.0
201,8.0
202,5.0
203,1.0
204,0.0
205,8.0
206,6.0
207,7.0
208,0.0
209,0.0
210,2.0
211,3.0
212,7.0
213,7.0
214,9.0
215,7.0
216,7.0
217,8.0
218,2.0
219,5.0
220,1.0
221,6.0
222,0.0
223,5.0
224,6.0
225,0.0
226,7.0
227,1.0
228,3.0
229,4.0
230,7.0
231,1.0
232,6.0
233,5.0
234,3.0
235,9.0
236,7.0
237,1.0
238,0.0
239,5.0
240,6.0
241,8.0
242,6.0
243,8.0
244,0.0
245,4.0
246,5.0
247,0.0
248,4.0
249,1.0
250,0.0
251,8.0
252,9.0
253,1.0
254,6.0
255,2.0
256,7.0
257,9.0
258,6.0
259,8.0
260,7.0
261,4.0
262,4.0
263,8.0
264,8.0
265,2.0
266,3.0
267,7.0
268,2.0
269,8.0
270,9.0
271,3.0
272,2.0
273,8.0
274,3.0
275,1.0
276,9.0
277,1.0
278,2.0
279,7.0
280,4.0
281,0.0
282,6.0
283,6.0
284,2.0
285,6.0
286,2.0
287,1.0
288,7.0
289,0.0
290,5.0
291,4.0
292,7.0
293,9.0
294,5.0
295,8.0
296,1.0
297,5.0
298,0.0
299,3.0
300,7.0
301,5.0
302,3.0
303,8.0
304,0.0
305,5.0
306,8.0
307,5.0
308,9.0
309,8.0
310,5.0
311,3.0
312,2.0
313,9.0
314,5.0
315,8.0
316,4.0
317,0.0
318,1.0
319,8.0
320,1.0
321,3.0
322,5.0
323,0.0
324,0.0
325,0.0
326,7.0
327,7.0
328,8.0
329,2.0
330,9.0
331,0.0
332,2.0
333,6.0
334,2.0
335,4.0
336,5.0
337,7.0
338,5.0
339,8.0
340,2.0
341,1.0
342,0.0
343,9.0
344,9.0
345,8.0
346,4.0
347,5.0
348,9.0
349,3.0
350,8.0
351,2.0
352,0.0
353,4.0
354,6.0
355,2.0
356,1.0
357,6.0
358,6.0
359,9.0
360,5.0
361,1.0
362,0.0
363,9.0
364,5.0
365,3.0
366,8.0
367,3.0
368,5.0
369,5.0
370,4.0
371,4.0
372,9.0
373,6.0
374,4.0
375,3.0
376,5.0
377,1.0
378,7.0
379,7.0
380,6.0
381,0.0
382,6.0
383,3.0
384,5.0
385,9.0
386,3.0
387,8.0
388,1.0
389,8.0
390,3.0
391,4.0
392,2.0
393,4.0
394,6.0
395,2.0
396,2.0
397,1.0
398,6.0
399,0.0
400,7.0
401,8.0
402,0.0
403,5.0
404,0.0
405,5.0
406,5.0
407,3.0
408,3.0
409,6.0
410,4.0
411,2.0
412,5.0
413,9.0
414,7.0
415,2.0
416,4.0
417,4.0
418,6.0
419,8.0
420,3.0
421,2.0
422,6.0
423,6.0
424,3.0
425,1.0
426,4.0
427,8.0
428,1.0
429,5.0
430,8.0
431,5.0
432,5.0
433,7.0
434,2.0
435,9.0
436,7.0
437,2.0
438,7.0
439,6.0
440,0.0
441,4.0
442,7.0
443,9.0
444,2.0
445,9.0
446,7.0
447,6.0
448,5.0
449,1.0
450,2.0
451,5.0
452,1.0
453,8.0
454,2.0
455,2.0
456,1.0
457,3.0
458,9.0
459,9.0
460,7.0
461,6.0
462,4.0
463,9.0
464,4.0
465,3.0
466,9.0
467,0.0
468,9.0
469,8.0
470,8.0
471,1.0
472,7.0
473,6.0
474,9.0
475,0.0
476,3.0
477,7.0
478,4.0
479,4.0
480,3.0
481,5.0
482,5.0
483,4.0
484,1.0
485,2.0
486,0.0
487,8.0
488,5.0
489,6.0
490,7.0
491,4.0
492,3.0
493,2.0
494,8.0
495,5.0
496,8.0
497,0.0
498,3.0
499,0.0
500,7.0
501,2.0
502,8.0
503,4.0
504,1.0
505,1.0
506,8.0
507,3.0
508,0.0
509,1.0
510,9.0
511,5.0
512,3.0
513,9.0
