alpha,mean_c_index,se_c_index
0.13125287337186997,0.5139925016604749,0.010349523897766619
0.12528722770954961,0.5091180506826448,0.00898127181897421
0.11959272984959035,0.5279363789372588,0.012729797447240261
0.11415705570590212,0.5402851458222722,0.014138396605210112
0.10896844134112789,0.5585088834880547,0.018603056379366364
0.10401565750701923,0.5770297483385377,0.024153065186637485
0.09928798534199113,0.5826849066076956,0.024948098201426665
0.09477519317326043,0.5880601440695115,0.024894356105310562
0.09046751437336294,0.5897964961392514,0.02432066726673598
0.08635562622312588,0.5897240401455911,0.02345526017807492
0.08243062973535102,0.5949683823980696,0.021877783196348394
0.0786840303955424,0.5979878536390073,0.021161340935657295
0.07510771977799785,0.5955073141210643,0.020495505756541396
0.07169395799747735,0.6016921683121896,0.02026361988581195
0.06843535695847036,0.6067186833017306,0.02034012956665673
0.06532486436580959,0.6097626066390399,0.019813783358598704
0.06235574846202718,0.6106817674678287,0.01875923540243948
0.05952158345842158,0.6129957410689365,0.01911661756691854
0.05681623562830487,0.6141739836535265,0.019289191197631065
0.054233850032333525,0.6182388727924153,0.017687561812570213
0.05176883784719333,0.6212237141244754,0.018323972970933227
0.04941586427021514,0.6205287619256641,0.018106878681888174
0.04716983697374453,0.6215480940078272,0.01850392772268467
0.04502589508427816,0.6244615007025883,0.019177859148944335
0.04297939866251538,0.6251728487021748,0.0192760877374874
0.04102591866155775,0.6277038713574039,0.019853618626435185
0.039161227341523885,0.6279024961003694,0.019397146034334737
0.03738128911983484,0.6275107962758109,0.01884771518625829
0.03568225183736816,0.6266081491255123,0.01871978171858275
0.034060438421578666,0.6260623540461865,0.01930046971494013
0.032512338928543355,0.6257045576421257,0.01971413624164671
0.031034602946707526,0.6233554733190791,0.020019769843221236
0.029624032345892476,0.6217124426402114,0.019994685991894686
0.028277574355871915,0.6202179241732566,0.02070376296644075
0.026992314959537793,0.618578258110892,0.020752576978110303
0.025765472586356936,0.6161424303827843,0.020858634115874405
0.02459439209246981,0.6148197869127829,0.021328413260646682
0.023476539014403074,0.6107141126499191,0.02182334808051166
0.02240949408395979,0.6094409085871846,0.022742400448976036
0.021390947992416316,0.6053621124260984,0.023680408097420648
0.020418696392694554,0.6028279286005921,0.023728159606113488
0.019490635128693146,0.5996489971635447,0.024346678684371112
0.01860475568145297,0.5977064048144582,0.024554997994232053
0.01775914082230142,0.5932108502086753,0.024107366609155714
0.016951960463567995,0.5938700004758088,0.023882321505548962
0.01618146769789126,0.593683956675249,0.02470170796645894
0.015445995017545424,0.5923625539531298,0.024971653443685224
0.014743950705604364,0.5903332872515058,0.02520307439012417
0.014073815391132805,0.5886616528140557,0.026185358889181783
0.013434138760949385,0.5882295029324917,0.02638145200227947
0.012823536420845159,0.588338220094055,0.026566495906354445
0.012240686899464566,0.5871683530056043,0.026760509662630237
0.011684328788364633,0.5865585292282998,0.026622982768912735
0.011153258012062899,0.5837580472988543,0.027411814303591988
0.010646325222165876,0.5815317521142883,0.02799909641682804
0.010162433309938395,0.5774544005760415,0.028236164181145332
0.009700535031930508,0.5775699340071081,0.02820108599643858
0.009259630743523322,0.5758721737892323,0.028646601597907627
0.008838766235488658,0.5730379729278428,0.02888835421172325
0.008437030668880427,0.5694115634873935,0.028626657147735497
0.008053554603788373,0.5657052300222294,0.028323351057973113
0.007687508117688,0.5626206704156499,0.027719230064216265
0.0073380990093144015,0.5580497804693295,0.026441741942103733
0.007004571084172796,0.5568125824797081,0.026530829107496857
0.006686202517975252,0.5565528909015753,0.025982036858466683
0.006382304294461745,0.55595137874459,0.025519906529402253
0.006092218714224654,0.554328073034202,0.02524688184660354
0.005815317971309487,0.5529753300811014,0.02452682745416752
0.005551002794511299,0.5519083742341006,0.02407345076877061
0.005298701150426289,0.5538491068004068,0.023318879736187147
0.005057867005451699,0.5527451576863853,0.02209300332724675
0.004827979144054731,0.5504239333647077,0.021584040903546042
0.0046085400407529665,0.5509087827444002,0.021342153557203654
0.00439907478336501,0.5502652223421178,0.021518894679113342
0.004199130045201062,0.5501349389335256,0.021146930277229612
0.004008273103969012,0.5477078173821176,0.021102429855843582
0.0038260909052727594,0.546480312061145,0.020777291917839735
0.003652189168675992,0.5485206635731382,0.020945688630551428
0.0034861915343967352,0.5465239146873094,0.020846660880649907
0.003327738748785955,0.5453153372370367,0.021193084609657752
0.003176487886827416,0.5435338512453317,0.021408436891003017
0.003032111609976121,0.5450459097136603,0.02107232931670189
0.002894297457729135,0.5423734530597831,0.021541404546217214
0.002762747171395616,0.543584280717559,0.02126616809537334
0.0026371760486025328,0.5419131612290066,0.021177014973168224
0.0025173123271391017,0.5409674100674845,0.021623003619103656
0.0024028965968064396,0.5410894526577319,0.021706730267827712
0.0022936812379995603,0.5402960025674564,0.02255759224352257
0.002189429885806685,0.5421638253320058,0.0225033164435881
0.002089916918466067,0.5411807699733688,0.02256690327942536
0.0019949269690732402,0.5399973326235074,0.022976933776721296
0.0019042544594819319,0.5406620641540355,0.023316962933277938
0.0018177031553898932,0.5408744847577004,0.02362834576535582
0.0017350857416467684,0.5411118761850583,0.024104519180009384
0.0016562234168648767,0.5416006348306774,0.024720100753760507
0.0015809455064555574,0.5406499682385136,0.02476958140852443
0.001509089093253614,0.542255284426046,0.02459989273716312
0.0014404986649304437,0.5412997627299933,0.02470254060054082
0.0013750257774327876,0.5409203203535837,0.02461346660696822
0.0013125287337187059,0.5407463981345475,0.024898108765377437
