Gene,N_sources,Sources,TCGA_HNSC_Match,TCGA_HNSC_Alias_Used,GSE65858_Match,GSE65858_Alias_Used,GSE65858_N_Probes,In_TCGA_HNSC,In_GSE65858,In_Both
NDRG1,6,Hallmark;Winter;Buffa;Elvidge;Fardin;Toustrup,Direct,,Direct,,1,True,True,True
P4HA1,6,Hallmark;Winter;Buffa;Elvidge;Toustrup;NIMRAD,Direct,,Direct,,2,True,True,True
PGK1,6,Hallmark;Winter;Buffa;Elvidge;Fardin;NIMRAD,Direct,,Direct,,2,True,True,True
SLC2A1,6,Hallmark;Winter;Buffa;Elvidge;Toustrup;NIMRAD,Direct,,Direct,,1,True,True,True
VEGFA,6,Hallmark;Winter;Buffa;Elvidge;Fardin;NIMRAD,Direct,,Direct,,2,True,True,True
ADM,5,Hallmark;Winter;Buffa;Elvidge;Toustrup,Direct,,Direct,,1,True,True,True
BNIP3,5,Winter;Buffa;Elvidge;Fardin;Toustrup,Direct,,Direct,,1,True,True,True
BNIP3L,5,Hallmark;Winter;Elvidge;Fardin;Toustrup,Direct,,Direct,,2,True,True,True
DDIT4,5,Hallmark;Winter;Buffa;Elvidge;Fardin,Direct,,Direct,,1,True,True,True
P4HA2,5,Hallmark;Winter;Elvidge;Fardin;Toustrup,Direct,,Direct,,3,True,True,True
TPI1,5,Hallmark;Winter;Buffa;Fardin;NIMRAD,Direct,,Direct,,2,True,True,True
ALDOA,4,Hallmark;Winter;Toustrup;NIMRAD,Direct,,Direct,,3,True,True,True
ALDOC,4,Hallmark;Winter;Elvidge;Fardin,Direct,,Direct,,1,True,True,True
CA9,4,Winter;Buffa;Elvidge;NIMRAD,Direct,,Direct,,1,True,True,True
ENO1,4,Hallmark;Winter;Buffa;NIMRAD,Direct,,Direct,,1,True,True,True
FAM162A,4,Hallmark;Elvidge;Fardin;Toustrup,Direct,,Direct,,1,True,True,True
HK2,4,Hallmark;Winter;Buffa;Elvidge,Direct,,Direct,,2,True,True,True
IGFBP3,4,Hallmark;Winter;Elvidge;Fardin,Direct,,Direct,,2,True,True,True
LDHA,4,Hallmark;Winter;Buffa;NIMRAD,Direct,,Direct,,3,True,True,True
LOX,4,Hallmark;Winter;Elvidge;Toustrup,Direct,,Direct,,1,True,True,True
MXI1,4,Hallmark;Winter;Elvidge;Fardin,Direct,,Direct,,3,True,True,True
PDK1,4,Hallmark;Elvidge;Fardin;Toustrup,Direct,,Direct,,1,True,True,True
PFKFB3,4,Hallmark;Winter;Elvidge;Toustrup,Direct,,Direct,,2,True,True,True
PGM1,4,Hallmark;Winter;Elvidge;Fardin,Direct,,Direct,,1,True,True,True
ADORA2B,3,Hallmark;Winter;Elvidge,Direct,,Direct,,1,True,True,True
ANKRD37,3,Buffa;Fardin;Toustrup,Direct,,Direct,,1,True,True,True
BTG1,3,Hallmark;Winter;Fardin,Direct,,Direct,,1,True,True,True
CCNG2,3,Hallmark;Winter;Elvidge,Direct,,Direct,,2,True,True,True
CITED2,3,Hallmark;Winter;Elvidge,Direct,,Direct,,1,True,True,True
CP,3,Hallmark;Winter;BreastScore,Direct,,Direct,,1,True,True,True
CXCR4,3,Hallmark;Winter;Elvidge,Direct,,Direct,,3,True,True,True
EGLN3,3,Elvidge;Fardin;Toustrup,Direct,,Direct,,1,True,True,True
FOS,3,Hallmark;Winter;Elvidge,Direct,,Direct,,1,True,True,True
GAPDH,3,Hallmark;Winter;Buffa,Direct,,Direct,,3,True,True,True
GBE1,3,Hallmark;Winter;Elvidge,Direct,,Direct,,1,True,True,True
GLRX,3,Hallmark;Winter;Elvidge,Direct,,Direct,,1,True,True,True
GPI,3,Hallmark;Winter;Buffa,Direct,,Direct,,1,True,True,True
JUN,3,Hallmark;Winter;Elvidge,Direct,,Direct,,1,True,True,True
MIF,3,Hallmark;Winter;Buffa,Direct,,Direct,,1,True,True,True
NFIL3,3,Hallmark;Winter;Elvidge,Direct,,Direct,,1,True,True,True
NR3C1,3,Hallmark;Winter;Elvidge,Direct,,Direct,,3,True,True,True
PDGFB,3,Hallmark;Winter;Elvidge,Direct,,Direct,,2,True,True,True
PFKP,3,Hallmark;Buffa;Elvidge,Direct,,Direct,,1,True,True,True
PGAM1,3,Winter;Buffa;NIMRAD,Direct,,Direct,,2,True,True,True
PIM1,3,Hallmark;Winter;Elvidge,Direct,,Direct,,1,True,True,True
PLAUR,3,Hallmark;Winter;Elvidge,Direct,,Direct,,3,True,True,True
PLIN2,3,Hallmark;Winter;Elvidge,Direct,,Direct,,2,True,True,True
SERPINE1,3,Hallmark;Winter;Elvidge,Direct,,Direct,,1,True,True,True
SLC16A1,3,Winter;Buffa;NIMRAD,Direct,,Direct,,1,True,True,True
SLC2A3,3,Hallmark;Winter;Fardin,Direct,,Direct,,1,True,True,True
STC1,3,Hallmark;Elvidge;BreastScore,Direct,,Direct,,1,True,True,True
STC2,3,Hallmark;Winter;Elvidge,Direct,,Direct,,1,True,True,True
TGFBI,3,Hallmark;Winter;Elvidge,Direct,,Direct,,1,True,True,True
TXNIP,3,Winter;Elvidge;Fardin,Direct,,Direct,,1,True,True,True
AKAP12,2,Hallmark;Elvidge,Direct,,Direct,,3,True,True,True
ANKZF1,2,Hallmark;Elvidge,Direct,,Direct,,2,True,True,True
ANLN,2,Buffa;NIMRAD,Direct,,Direct,,1,True,True,True
ANXA2,2,Hallmark;Winter,Direct,,Direct,,3,True,True,True
ATF3,2,Hallmark;Elvidge,Direct,,Direct,,2,True,True,True
CA12,2,Hallmark;Winter,Direct,,Direct,,2,True,True,True
CAV1,2,Hallmark;Elvidge,Direct,,Direct,,2,True,True,True
CAVIN1,2,Hallmark;Elvidge,Alias,PTRF,Alias,PTRF,1,True,True,True
CCN1,2,Hallmark;Elvidge,Alias,CYR61,Alias,CYR61,1,True,True,True
CCN5,2,Hallmark;Elvidge,Alias,WISP2,Alias,WISP2,1,True,True,True
CDKN1A,2,Hallmark;Winter,Direct,,Direct,,2,True,True,True
CDKN1B,2,Hallmark;Winter,Direct,,Direct,,2,True,True,True
CDKN3,2,Buffa;NIMRAD,Direct,,Direct,,1,True,True,True
COL5A1,2,Hallmark;Winter,Direct,,Direct,,1,True,True,True
DDIT3,2,Hallmark;Winter,Direct,,Direct,,1,True,True,True
DPYSL4,2,Hallmark;Elvidge,Direct,,Direct,,1,True,True,True
DTNA,2,Hallmark;Elvidge,Direct,,Direct,,3,True,True,True
DUSP1,2,Hallmark;Elvidge,Direct,,Direct,,1,True,True,True
EDN2,2,Hallmark;Winter,Direct,,Direct,,1,True,True,True
EFNA1,2,Hallmark;Winter,Direct,,Direct,,2,True,True,True
EFNA3,2,Hallmark;Elvidge,Direct,,Direct,,1,True,True,True
EGFR,2,Hallmark;Elvidge,Direct,,Direct,,4,True,True,True
EGR1,2,Winter;Elvidge,Direct,,Direct,,1,True,True,True
ELF3,2,Winter;Elvidge,Direct,,Direct,,1,True,True,True
ENO2,2,Hallmark;Elvidge,Direct,,Direct,,1,True,True,True
ENO3,2,Hallmark;Winter,Direct,,Direct,,2,True,True,True
ERO1A,2,Hallmark;Elvidge,Alias,ERO1L,Alias,ERO1L,1,True,True,True
ERRFI1,2,Hallmark;Winter,Direct,,Direct,,1,True,True,True
ETS1,2,Hallmark;Winter,Direct,,Direct,,2,True,True,True
F3,2,Hallmark;Winter,Direct,,Direct,,2,True,True,True
GPC3,2,Hallmark;BreastScore,Direct,,Direct,,1,True,True,True
GYS1,2,Hallmark;Elvidge,Direct,,Direct,,1,True,True,True
HK1,2,Hallmark;Winter,Direct,,Direct,,2,True,True,True
HMOX1,2,Hallmark;Winter,Direct,,Direct,,1,True,True,True
HSPA5,2,Hallmark;Winter,Direct,,Direct,,1,True,True,True
IGFBP1,2,Hallmark;Winter,Direct,,Direct,,1,True,True,True
IGFBP5,2,Winter;Elvidge,Direct,,Direct,,2,True,True,True
IL6,2,Hallmark;Winter,Direct,,Direct,,1,True,True,True
ILVBL,2,Hallmark;Elvidge,Direct,,Direct,,2,True,True,True
ISG20,2,Hallmark;Elvidge,Direct,,Direct,,1,True,True,True
KCTD11,2,Toustrup;NIMRAD,Direct,,Direct,,1,True,True,True
KLF6,2,Hallmark;Elvidge,Direct,,Direct,,3,True,True,True
KLF7,2,Hallmark;Elvidge,Direct,,Direct,,1,True,True,True
KLHL24,2,Hallmark;Elvidge,Direct,,Direct,,1,True,True,True
MAFF,2,Hallmark;Elvidge,Direct,,Direct,,3,True,True,True
MET,2,Winter;Elvidge,Direct,,Direct,,1,True,True,True
MRGBP,2,Buffa;NIMRAD,Direct,,Alias,C20orf20,1,True,True,True
MRPS17,2,Buffa;NIMRAD,Direct,,Direct,,1,True,True,True
PAM,2,Hallmark;Elvidge,Direct,,Direct,,1,True,True,True
PDK3,2,Hallmark;Winter,Direct,,Direct,,1,True,True,True
PFKFB4,2,Winter;Fardin,Direct,,Direct,,1,True,True,True
PFKL,2,Hallmark;Winter,Direct,,Direct,,1,True,True,True
PGF,2,Hallmark;Winter,Direct,,Direct,,1,True,True,True
PLAC8,2,Hallmark;Elvidge,Direct,,Direct,,2,True,True,True
PPFIA4,2,Hallmark;Elvidge,Direct,,Direct,,1,True,True,True
PRKCA,2,Hallmark;Elvidge,Direct,,Direct,,1,True,True,True
QSOX1,2,Winter;Elvidge,Direct,,Direct,,2,True,True,True
RRAGD,2,Hallmark;Elvidge,Direct,,Direct,,1,True,True,True
S100A4,2,Hallmark;Elvidge,Direct,,Direct,,2,True,True,True
SAT1,2,Winter;Elvidge,Direct,,Direct,,1,True,True,True
SCARB1,2,Hallmark;Elvidge,Direct,,Direct,,1,True,True,True
SIAH2,2,Hallmark;Winter,Direct,,Direct,,1,True,True,True
SLC6A6,2,Hallmark;Winter,Direct,,Direct,,1,True,True,True
SORL1,2,Winter;Elvidge,Direct,,Direct,,2,True,True,True
SRPX,2,Hallmark;Elvidge,Direct,,Direct,,1,True,True,True
STBD1,2,Hallmark;Elvidge,Direct,,Direct,,1,True,True,True
TGFB3,2,Hallmark;Winter,Direct,,Direct,,1,True,True,True
TGM2,2,Hallmark;Winter,Direct,,Direct,,3,True,True,True
TIPARP,2,Hallmark;Elvidge,Direct,,Direct,,1,True,True,True
TMEM45A,2,Hallmark;Elvidge,Direct,,Direct,,2,True,True,True
TNFAIP3,2,Hallmark;Winter,Direct,,Direct,,1,True,True,True
TPD52,2,Hallmark;Winter,Direct,,Direct,,2,True,True,True
VEGFC,2,Winter;Elvidge,Direct,,Direct,,1,True,True,True
VLDLR,2,Hallmark;Elvidge,Direct,,Direct,,1,True,True,True
WSB1,2,Hallmark;Elvidge,Direct,,Direct,,3,True,True,True
ABCB1,1,Winter,Direct,,Direct,,2,True,True,True
ACAT1,1,Winter,Direct,,Direct,,1,True,True,True
ACOT7,1,Buffa,Direct,,Direct,,2,True,True,True
AHNAK2,1,Elvidge,Direct,,Direct,,1,True,True,True
AK2,1,Winter,Direct,,Direct,,3,True,True,True
AK3,1,Winter,Direct,,Direct,,1,True,True,True
ALDH1A1,1,Winter,Direct,,Direct,,2,True,True,True
ALDH1A3,1,Winter,Direct,,Direct,,2,True,True,True
ALDOB,1,Hallmark,Direct,,Direct,,1,True,True,True
AMPD3,1,Hallmark,Direct,,Direct,,3,True,True,True
ANG,1,Elvidge,Direct,,Direct,,2,True,True,True
ANGPT2,1,Winter,Direct,,Direct,,3,True,True,True
ANXA1,1,Winter,Direct,,Direct,,1,True,True,True
ANXA5,1,Winter,Direct,,Direct,,1,True,True,True
ART1,1,Winter,Direct,,Direct,,1,True,True,True
ARTN,1,Elvidge,Direct,,Direct,,1,True,True,True
ASPH,1,Elvidge,Direct,,Direct,,3,True,True,True
ATP7A,1,Hallmark,Direct,,Direct,,1,True,True,True
ATXN1,1,Elvidge,Direct,,Direct,,2,True,True,True
B3GALT6,1,Hallmark,Direct,,Direct,,1,True,True,True
B3GNT4,1,Elvidge,Direct,,Direct,,1,True,True,True
BACE2,1,Winter,Direct,,Direct,,2,True,True,True
BATF3,1,Winter,Direct,,Direct,,1,True,True,True
BBX,1,Elvidge,Direct,,Direct,,1,True,True,True
BCL2,1,Hallmark,Direct,,Direct,,3,True,True,True
BCL2L1,1,Winter,Direct,,Direct,,2,True,True,True
BCL2L2,1,Winter,Direct,,Direct,,1,True,True,True
BCOR,1,Elvidge,Direct,,Direct,,3,True,True,True
BGN,1,Hallmark,Direct,,Direct,,1,True,True,True
BIK,1,Winter,Direct,,Direct,,1,True,True,True
BIRC2,1,Winter,Direct,,Direct,,2,True,True,True
BNC1,1,NIMRAD,Direct,,Direct,,4,True,True,True
CADM1,1,Elvidge,Alias,TSLC1,Direct,,1,True,True,True
CALD1,1,Winter,Direct,,Direct,,3,True,True,True
CASP6,1,Hallmark,Direct,,Direct,,3,True,True,True
CAVIN3,1,Hallmark,Alias,PRKCDBP,Alias,PRKCDBP,1,True,True,True
CCN2,1,Hallmark,Alias,CTGF,Alias,CTGF,2,True,True,True
CCT6A,1,Winter,Direct,,Direct,,2,True,True,True
CD99,1,Winter,Direct,,Direct,,1,True,True,True
CDKN1C,1,Hallmark,Direct,,Direct,,1,True,True,True
CHCHD2,1,Buffa,Direct,,Direct,,1,True,True,True
CHST2,1,Hallmark,Direct,,Direct,,1,True,True,True
CHST3,1,Hallmark,Direct,,Direct,,1,True,True,True
CLK1,1,Winter,Direct,,Direct,,3,True,True,True
CNOT7,1,Winter,Direct,,Direct,,3,True,True,True
COL4A5,1,Winter,Direct,,Direct,,2,True,True,True
COL4A6,1,NIMRAD,Direct,,Direct,,1,True,True,True
COL5A2,1,Winter,Direct,,Direct,,1,True,True,True
COL5A3,1,Winter,Direct,,Direct,,1,True,True,True
CORO1C,1,Buffa,Direct,,Direct,,1,True,True,True
CSGALNACT1,1,Elvidge,Direct,,Direct,,1,True,True,True
CTSD,1,Winter,Direct,,Direct,,1,True,True,True
CYB5A,1,Elvidge,Direct,,Direct,,2,True,True,True
CYP1B1,1,Elvidge,Direct,,Direct,,1,True,True,True
DAAM1,1,Elvidge,Direct,,Direct,,2,True,True,True
DCBLD1,1,NIMRAD,Direct,,Direct,,1,True,True,True
DCN,1,Hallmark,Direct,,Direct,,3,True,True,True
DDR1,1,Elvidge,Alias,NEP,Direct,,3,True,True,True
DKC1,1,Winter,Direct,,Direct,,1,True,True,True
DPYSL2,1,Elvidge,Direct,,Direct,,1,True,True,True
DR1,1,Winter,Direct,,Direct,,1,True,True,True
DSC2,1,Elvidge,Direct,,Direct,,2,True,True,True
DST,1,Elvidge,Direct,,Direct,,7,True,True,True
ECE1,1,Elvidge,Direct,,Direct,,1,True,True,True
EDN1,1,Winter,Direct,,Direct,,1,True,True,True
EGF,1,Winter,Direct,,Direct,,1,True,True,True
EIF4A3,1,Winter,Direct,,Direct,,1,True,True,True
ELL2,1,Winter,Direct,,Direct,,1,True,True,True
ENG,1,Winter,Direct,,Direct,,1,True,True,True
ENPEP,1,Winter,Direct,,Direct,,2,True,True,True
EPO,1,Winter,Direct,,Direct,,1,True,True,True
EXT1,1,Hallmark,Direct,,Direct,,1,True,True,True
FABP5,1,Winter,Direct,,Direct,,3,True,True,True
FAM13A,1,Elvidge,Direct,,Direct,,3,True,True,True
FAM83B,1,NIMRAD,Direct,,Direct,,1,True,True,True
FBP1,1,Hallmark,Direct,,Direct,,1,True,True,True
FGF3,1,Winter,Direct,,Direct,,1,True,True,True
FKBP4,1,Winter,Direct,,Direct,,1,True,True,True
FLNB,1,Elvidge,Direct,,Direct,,1,True,True,True
FN1,1,Winter,Direct,,Direct,,3,True,True,True
FOSL1,1,NIMRAD,Direct,,Direct,,1,True,True,True
FOXO3,1,Hallmark,Direct,,Direct,,2,True,True,True
FTL,1,Winter,Direct,,Direct,,2,True,True,True
FUT11,1,Fardin,Direct,,Direct,,1,True,True,True
FYN,1,Elvidge,Direct,,Direct,,4,True,True,True
GAA,1,Hallmark,Direct,,Direct,,2,True,True,True
GALK1,1,Hallmark,Direct,,Direct,,1,True,True,True
GCK,1,Hallmark,Direct,,Direct,,1,True,True,True
GDF15,1,Elvidge,Direct,,Direct,,1,True,True,True
GJA1,1,Elvidge,Direct,,Direct,,1,True,True,True
GNAI1,1,NIMRAD,Direct,,Direct,,2,True,True,True
GPC1,1,Hallmark,Direct,,Direct,,1,True,True,True
GPC4,1,Hallmark,Direct,,Direct,,1,True,True,True
GPR87,1,Elvidge,Direct,,Direct,,1,True,True,True
GPRC5A,1,Elvidge,Direct,,Direct,,1,True,True,True
GRHPR,1,Hallmark,Direct,,Direct,,1,True,True,True
HAP1,1,Winter,Direct,,Direct,,2,True,True,True
HAS1,1,Hallmark,Direct,,Direct,,1,True,True,True
HBP1,1,Winter,Direct,,Direct,,2,True,True,True
HCFC1R1,1,Elvidge,Direct,,Direct,,2,True,True,True
HDAC1,1,Winter,Direct,,Direct,,1,True,True,True
HDAC9,1,Winter,Direct,,Direct,,3,True,True,True
HERPUD1,1,Winter,Direct,,Direct,,2,True,True,True
HEXA,1,Hallmark,Direct,,Direct,,1,True,True,True
HEY1,1,Elvidge,Direct,,Direct,,2,True,True,True
HIF1A,1,Winter,Direct,,Direct,,3,True,True,True
HLA-DQB1,1,Winter,Direct,,Direct,,1,True,True,True
HLA-DRB1,1,Elvidge,Direct,,Direct,,1,True,True,True
HMOX2,1,Winter,Direct,,Direct,,1,True,True,True
HS3ST1,1,Hallmark,Direct,,Direct,,1,True,True,True
HSP90B1,1,Winter,Direct,,Direct,,1,True,True,True
HSPD1,1,Winter,Direct,,Direct,,4,True,True,True
HYOU1,1,Winter,Direct,,Direct,,2,True,True,True
ICAM1,1,Winter,Direct,,Direct,,1,True,True,True
ID2,1,Winter,Direct,,Direct,,2,True,True,True
IDS,1,Hallmark,Direct,,Direct,,3,True,True,True
IER3,1,Hallmark,Direct,,Direct,,1,True,True,True
IFI27,1,Winter,Direct,,Direct,,1,True,True,True
IGF1R,1,Fardin,Direct,,Direct,,1,True,True,True
IGF2,1,Winter,Direct,,Direct,,2,True,True,True
IGFBP2,1,Winter,Direct,,Direct,,1,True,True,True
INSIG1,1,Winter,Direct,,Direct,,2,True,True,True
INSIG2,1,Elvidge,Direct,,Direct,,1,True,True,True
IRF6,1,Winter,Direct,,Direct,,2,True,True,True
IRS2,1,Hallmark,Direct,,Direct,,1,True,True,True
ITGA5,1,Winter,Direct,,Direct,,1,True,True,True
JMJD6,1,Hallmark,Direct,,Direct,,1,True,True,True
KDELR3,1,Hallmark,Direct,,Direct,,3,True,True,True
KDR,1,Winter,Direct,,Direct,,1,True,True,True
KIF20A,1,Buffa,Direct,,Direct,,1,True,True,True
KIF4A,1,Buffa,Direct,,Direct,,1,True,True,True
KIF5A,1,Hallmark,Direct,,Direct,,1,True,True,True
KRT14,1,Winter,Direct,,Direct,,1,True,True,True
KRT15,1,Elvidge,Direct,,Direct,,1,True,True,True
KRT18,1,Winter,Direct,,Direct,,1,True,True,True
KRT19,1,Winter,Direct,,Direct,,1,True,True,True
KRT7,1,Elvidge,Direct,,Direct,,1,True,True,True
LDHB,1,Winter,Direct,,Direct,,1,True,True,True
LDHC,1,Hallmark,Direct,,Direct,,2,True,True,True
LEP,1,Winter,Direct,,Direct,,2,True,True,True
LGALS1,1,Winter,Direct,,Direct,,1,True,True,True
LONP1,1,Winter,Direct,,Direct,,1,True,True,True
LOXL1,1,Elvidge,Direct,,Direct,,1,True,True,True
LRP1,1,Winter,Direct,,Direct,,1,True,True,True
LRRC42,1,Buffa,Direct,,Direct,,1,True,True,True
LXN,1,Hallmark,Direct,,Direct,,1,True,True,True
MAD2L2,1,Buffa,Direct,,Direct,,1,True,True,True
MAP3K1,1,Hallmark,Direct,,Direct,,1,True,True,True
MAP4,1,Winter,Direct,,Direct,,2,True,True,True
MAP7D1,1,Buffa,Direct,,Direct,,1,True,True,True
MAPT,1,Fardin,Direct,,Direct,,2,True,True,True
MCTS1,1,Buffa,Direct,,Direct,,1,True,True,True
MMP13,1,Winter,Direct,,Direct,,1,True,True,True
MMP2,1,Winter,Direct,,Direct,,1,True,True,True
MMP7,1,Winter,Direct,,Direct,,2,True,True,True
MPI,1,Winter,Direct,,Direct,,1,True,True,True
MRPL13,1,Buffa,Direct,,Direct,,1,True,True,True
MRPL15,1,Buffa,Direct,,Direct,,1,True,True,True
MT1L,1,Winter,Direct,,Direct,,1,True,True,True
MT2A,1,Hallmark,Direct,,Direct,,1,True,True,True
MUC1,1,Winter,Direct,,Direct,,3,True,True,True
NAGK,1,Hallmark,Direct,,Direct,,1,True,True,True
NAP1L1,1,Elvidge,Direct,,Direct,,3,True,True,True
NCAN,1,Hallmark,Direct,,Direct,,1,True,True,True
NDST1,1,Hallmark,Direct,,Direct,,1,True,True,True
NDST2,1,Hallmark,Direct,,Direct,,1,True,True,True
NEDD4L,1,Hallmark,Direct,,Direct,,1,True,True,True
NFKB1,1,Winter,Direct,,Direct,,1,True,True,True
NFKB2,1,Winter,Direct,,Direct,,2,True,True,True
NOCT,1,Hallmark,Alias,CCRN4L,Alias,CCRN4L,1,True,True,True
NOL3,1,Elvidge,Direct,,Direct,,2,True,True,True
NOS2,1,Winter,Direct,,Direct,,1,True,True,True
NOS3,1,Winter,Direct,,Direct,,1,True,True,True
NR4A1,1,Winter,Direct,,Direct,,2,True,True,True
NT5E,1,Winter,Direct,,Direct,,1,True,True,True
ODC1,1,Winter,Direct,,Direct,,1,True,True,True
OLFML2A,1,Elvidge,Direct,,Direct,,1,True,True,True
OPN3,1,Elvidge,Direct,,Direct,,3,True,True,True
ORAI3,1,Elvidge,Direct,,Direct,,1,True,True,True
PAICS,1,Winter,Direct,,Direct,,2,True,True,True
PCK1,1,Hallmark,Direct,,Direct,,1,True,True,True
PDGFRL,1,Elvidge,Direct,,Direct,,1,True,True,True
PGAM2,1,Hallmark,Direct,,Direct,,1,True,True,True
PGAP1,1,Elvidge,Direct,,Direct,,1,True,True,True
PGM2,1,Hallmark,Direct,,Direct,,1,True,True,True
PHKG1,1,Hallmark,Direct,,Direct,,2,True,True,True
PIM2,1,Winter,Direct,,Direct,,1,True,True,True
PKLR,1,Hallmark,Direct,,Direct,,1,True,True,True
PKP1,1,Hallmark,Direct,,Direct,,1,True,True,True
PLAU,1,Winter,Direct,,Direct,,1,True,True,True
PLOD1,1,Fardin,Direct,,Direct,,1,True,True,True
PLOD2,1,Winter,Direct,,Direct,,3,True,True,True
PNN,1,Winter,Direct,,Direct,,1,True,True,True
PNRC1,1,Hallmark,Direct,,Direct,,1,True,True,True
POLM,1,Winter,Direct,,Direct,,1,True,True,True
PPARA,1,Winter,Direct,,Direct,,2,True,True,True
PPARGC1A,1,Hallmark,Direct,,Direct,,1,True,True,True
PPAT,1,Winter,Direct,,Direct,,1,True,True,True
PPP1R15A,1,Hallmark,Direct,,Direct,,1,True,True,True
PPP1R3C,1,Hallmark,Direct,,Direct,,1,True,True,True
PRDX5,1,Hallmark,Direct,,Direct,,3,True,True,True
PROK1,1,Winter,Direct,,Direct,,1,True,True,True
PSMA3,1,Winter,Direct,,Direct,,2,True,True,True
PSMA7,1,Buffa,Direct,,Direct,,1,True,True,True
PSMD9,1,Winter,Direct,,Direct,,1,True,True,True
PSRC1,1,Buffa,Direct,,Direct,,2,True,True,True
PTGS1,1,Winter,Direct,,Direct,,2,True,True,True
PTGS2,1,Winter,Direct,,Direct,,2,True,True,True
PYGM,1,Hallmark,Direct,,Direct,,1,True,True,True
RBCK1,1,Elvidge,Direct,,Direct,,2,True,True,True
RELA,1,Winter,Direct,,Direct,,1,True,True,True
RIOK3,1,Winter,Direct,,Direct,,2,True,True,True
RLF,1,Elvidge,Direct,,Direct,,1,True,True,True
RNASE4,1,Elvidge,Direct,,Direct,,4,True,True,True
RNASEL,1,Winter,Direct,,Direct,,2,True,True,True
RORA,1,Hallmark,Direct,,Direct,,3,True,True,True
RPL36A,1,Winter,Direct,,Direct,,2,True,True,True
RRP9,1,Winter,Direct,,Direct,,1,True,True,True
S100A2,1,Elvidge,Direct,,Direct,,1,True,True,True
SAP30,1,Hallmark,Direct,,Direct,,1,True,True,True
SCNN1B,1,Elvidge,Direct,,Direct,,1,True,True,True
SDC1,1,NIMRAD,Direct,,Direct,,2,True,True,True
SDC2,1,Hallmark,Direct,,Direct,,1,True,True,True
SDC3,1,Hallmark,Direct,,Direct,,1,True,True,True
SDC4,1,Hallmark,Direct,,Direct,,1,True,True,True
SEC61G,1,Buffa,Direct,,Direct,,2,True,True,True
SELENBP1,1,Hallmark,Direct,,Direct,,1,True,True,True
SERPINB2,1,Winter,Direct,,Direct,,2,True,True,True
SFXN3,1,Elvidge,Direct,,Direct,,1,True,True,True
SGSM2,1,Winter,Direct,,Direct,,1,True,True,True
SH3GL3,1,Elvidge,Direct,,Direct,,1,True,True,True
SHCBP1,1,Buffa,Direct,,Direct,,2,True,True,True
SIN3A,1,Winter,Direct,,Direct,,1,True,True,True
SIRPA,1,Winter,Alias,PTPNS1,Direct,,2,True,True,True
SLC20A1,1,Winter,Direct,,Direct,,1,True,True,True
SLC25A1,1,Hallmark,Direct,,Direct,,1,True,True,True
SLC25A32,1,Buffa,Direct,,Direct,,1,True,True,True
SLC2A5,1,Hallmark,Direct,,Direct,,1,True,True,True
SLC3A2,1,Winter,Direct,,Direct,,3,True,True,True
SLC6A10P,1,Winter,Direct,,Direct,,2,True,True,True
SLC6A16,1,Winter,Direct,,Direct,,1,True,True,True
SLC6A8,1,Winter,Direct,,Direct,,1,True,True,True
SLCO4A1,1,Elvidge,Direct,,Direct,,1,True,True,True
SOX9,1,Elvidge,Direct,,Direct,,1,True,True,True
SPAG4,1,Elvidge,Direct,,Direct,,1,True,True,True
SPOCK1,1,Elvidge,Direct,,Direct,,1,True,True,True
SPP1,1,Winter,Direct,,Direct,,2,True,True,True
SPRY1,1,Elvidge,Direct,,Direct,,2,True,True,True
SRD5A3,1,Elvidge,Direct,,Direct,,1,True,True,True
SULT2B1,1,Hallmark,Direct,,Direct,,3,True,True,True
SYT7,1,Winter,Direct,,Direct,,2,True,True,True
TBPL1,1,Winter,Direct,,Direct,,1,True,True,True
TCEAL1,1,Winter,Direct,,Direct,,2,True,True,True
TES,1,Hallmark,Direct,,Direct,,2,True,True,True
TF,1,Winter,Direct,,Direct,,1,True,True,True
TFF3,1,Winter,Direct,,Direct,,1,True,True,True
TFRC,1,Winter,Direct,,Direct,,1,True,True,True
TGFA,1,Winter,Direct,,Direct,,2,True,True,True
TH,1,Winter,Direct,,Direct,,2,True,True,True
THBS1,1,Winter,Direct,,Direct,,1,True,True,True
THBS2,1,Winter,Direct,,Direct,,1,True,True,True
TIMM17A,1,Winter,Direct,,Direct,,1,True,True,True
TKTL1,1,Hallmark,Direct,,Direct,,1,True,True,True
TMEFF1,1,Elvidge,Direct,,Direct,,1,True,True,True
TNFAIP8,1,Elvidge,Direct,,Direct,,2,True,True,True
TNIP1,1,Fardin,Direct,,Direct,,1,True,True,True
TP53,1,Winter,Direct,,Direct,,1,True,True,True
TPST2,1,Hallmark,Direct,,Direct,,2,True,True,True
TUBA1A,1,Buffa,Direct,,Direct,,2,True,True,True
TUBB6,1,Buffa,Direct,,Direct,,2,True,True,True
TXN,1,Winter,Direct,,Direct,,2,True,True,True
UGP2,1,Hallmark,Direct,,Direct,,4,True,True,True
UMPS,1,Winter,Direct,,Direct,,1,True,True,True
UPK1A,1,Elvidge,Direct,,Direct,,1,True,True,True
UTP11,1,Buffa,Alias,UTP11L,Alias,UTP11L,1,True,True,True
VEGFB,1,Winter,Direct,,Direct,,2,True,True,True
VHL,1,Hallmark,Direct,,Direct,,3,True,True,True
VIM,1,Winter,Direct,,Direct,,2,True,True,True
VPS11,1,Winter,Direct,,Direct,,1,True,True,True
XRCC6,1,Winter,Direct,,Direct,,2,True,True,True
YEATS2,1,Elvidge,Direct,,Direct,,1,True,True,True
YKT6,1,Buffa,Direct,,Direct,,1,True,True,True
YPEL1,1,Elvidge,Direct,,Direct,,1,True,True,True
ZFP36,1,Hallmark,Direct,,Direct,,1,True,True,True
ZMYND8,1,Elvidge,Direct,,Direct,,3,True,True,True
