Sample,gender,age,smoking,packyears,alcohol,tumor_type,tumor_site,uicc_stage,t_category,n_category,distant_metastasis,treatment,hpv_dna,hpv16_dna_rna,os_days,os_event,os_days_num,event_num
GSM1607684,F,59.2772073921971,No,0,1 to 30,Primary,Oropharynx,IVA,2,2c,0,multi,HPV16,DNA+RNA+,1100,FALSE,1100,0
GSM1607685,M,76.2135523613963,No,0,>60,Primary,Oropharynx,IVA,2,2b,0,mono,HPV16,DNA+RNA+,1835,FALSE,1835,0
GSM1607686,M,64.3915126625599,Yes,14,31 to 60,Primary,Oropharynx,IVA,2,2c,0,mono,HPV16,NA,2393,TRUE,2393,1
GSM1607687,M,66.9322381930185,No,0,1 to 30,Primary,Oropharynx,IVA,2,2a,0,multi,HPV16,DNA+RNA+,1212,FALSE,1212,0
GSM1607688,F,79.0718685831622,Yes,2,1 to 30,Primary,Oropharynx,IVB,4b,2b,0,multi,HPV16,DNA+RNA+,987,TRUE,987,1
GSM1607689,F,46.1327857631759,Yes,32,no,Primary,Oropharynx,IVA,2,2c,0,multi,Other HPV,NA,1939,TRUE,1939,1
GSM1607690,M,75.2060232717317,Yes,45,1 to 30,Primary,Oropharynx,III,2,1,0,multi,Other HPV,NA,1329,FALSE,1329,0
GSM1607691,M,56.8980150581793,No,0,1 to 30,Primary,Oropharynx,III,2,1,0,multi,Other HPV,NA,941,FALSE,941,0
GSM1607692,F,69.0376454483231,Yes,30,no,Primary,Cavum Oris,IVA,4a,2b,0,multi,Negative,DNA-,1234,FALSE,1234,0
GSM1607693,M,55.8932238193018,Yes,30,>60,Primary,Cavum Oris,II,2,0,0,multi,Negative,DNA-,1024,FALSE,1024,0
GSM1607694,M,50.4777549623546,Yes,30,no,Primary,Oropharynx,II,2,0,0,multi,Negative,DNA-,884,FALSE,884,0
GSM1607695,M,48.8733744010951,Yes,40,1 to 30,Primary,Cavum Oris,II,2,0,0,multi,Negative,DNA-,1022,FALSE,1022,0
GSM1607696,M,58.7488021902806,Yes,40,1 to 30,Primary,Oropharynx,IVA,4a,2c,0,multi,Negative,DNA-,1073,TRUE,1073,1
GSM1607697,M,64.3148528405202,No,0,1 to 30,Primary,Cavum Oris,IVA,4a,0,0,multi,HPV16,DNA+RNA-,1289,FALSE,1289,0
GSM1607698,F,71.5099247091034,Yes,50,31 to 60,Primary,Cavum Oris,III,3,0,0,multi,Negative,DNA-,1066,TRUE,1066,1
GSM1607699,F,63.0746064339493,Yes,70,>60,Primary,Oropharynx,IVA,4a,1,0,multi,Negative,DNA-,1038,FALSE,1038,0
GSM1607700,M,54.2669404517454,Yes,40,>60,Primary,Oropharynx,IVA,3,2b,0,multi,Other HPV,NA,574,TRUE,574,1
GSM1607701,M,63.8521560574949,Yes,30,1 to 30,Primary,Oropharynx,IVC,4a,3,1,multi,HPV16,NA,2240,TRUE,2240,1
GSM1607702,M,59.2306639288159,Yes,20,1 to 30,Primary,Oropharynx,II,2,0,0,multi,HPV16,DNA+RNA+,1786,FALSE,1786,0
GSM1607703,M,68.4435318275154,Yes,50,1 to 30,Primary,Oropharynx,IVA,2,2a,0,mono,Other HPV,NA,1822,FALSE,1822,0
GSM1607704,F,69.8754277891855,Yes,12,no,Primary,Oropharynx,IVA,3,2b,0,multi,HPV16,NA,595,TRUE,595,1
GSM1607705,M,53.6892539356605,Yes,30,>60,Primary,Oropharynx,IVB,3,3,0,multi,HPV16,DNA+RNA-,1003,FALSE,1003,0
GSM1607706,M,51.5373032169747,Yes,10,1 to 30,Primary,Oropharynx,III,2,1,0,multi,HPV16,DNA+RNA+,1058,FALSE,1058,0
GSM1607707,M,56.7173169062286,Yes,40,31 to 60,Primary,Cavum Oris,IVA,4a,2b,0,multi,HPV16,DNA+RNA+,1149,FALSE,1149,0
GSM1607708,M,73.9876796714579,No,0,1 to 30,Primary,Oropharynx,IVA,3,2b,0,multi,HPV16,DNA+RNA+,1249,FALSE,1249,0
GSM1607709,M,63.7262149212868,No,0,1 to 30,Primary,Cavum Oris,IVA,4a,2b,0,multi,HPV16,DNA+RNA-,1435,FALSE,1435,0
GSM1607710,M,66.0835044490075,Yes,60,31 to 60,Primary,Oropharynx,III,2,1,0,multi,HPV16,DNA+RNA+,1254,FALSE,1254,0
GSM1607711,F,56.5229295003422,Yes,2,1 to 30,Primary,Oropharynx,IVA,3,2c,0,multi,HPV16,DNA+RNA+,1064,FALSE,1064,0
GSM1607712,M,45.7960301163587,No,0,1 to 30,Primary,Oropharynx,IVA,1,2b,0,multi,HPV16,DNA+RNA-,1724,TRUE,1724,1
GSM1607713,M,56.6543463381246,Yes,35,>60,Primary,Oropharynx,III,1,1,0,multi,HPV16,DNA+RNA+,1687,FALSE,1687,0
GSM1607714,M,62.5188227241615,Yes,40,31 to 60,Primary,Cavum Oris,IVA,4a,2b,0,multi,HPV16,DNA+RNA-,473,TRUE,473,1
GSM1607715,M,67.6358658453114,No,0,no,Primary,Oropharynx,IVA,4a,2c,0,multi,HPV16,DNA+RNA+,1214,TRUE,1214,1
GSM1607716,F,64.3969883641342,Yes,8,1 to 30,Primary,Oropharynx,IVB,4b,2c,0,multi,HPV16,DNA+RNA+,793,TRUE,793,1
GSM1607717,M,56.7967145790554,Yes,60,1 to 30,Primary,Oropharynx,IVA,1,2a,0,multi,HPV16,NA,968,TRUE,968,1
GSM1607718,M,40.2655715263518,Yes,NA,>60,Primary,Cavum Oris,II,2,0,0,multi,HPV16,DNA+RNA-,947,FALSE,947,0
GSM1607719,F,52.3258042436687,No,0,1 to 30,Primary,Oropharynx,IVA,1,2b,0,mono,HPV16,NA,933,FALSE,933,0
GSM1607720,M,60.0301163586585,Yes,40,31 to 60,Primary,Oropharynx,IVA,2,2c,0,multi,HPV16,NA,885,FALSE,885,0
GSM1607721,F,69.7577002053388,Yes,7,no,Primary,Cavum Oris,IVB,4a,3,0,multi,HPV16,DNA+RNA+,884,FALSE,884,0
GSM1607722,M,50.2505133470226,Yes,111,>60,Primary,Oropharynx,IVB,4b,2c,0,multi,HPV16,DNA+RNA-,937,FALSE,937,0
GSM1607723,M,52.3258042436687,Yes,10,31 to 60,Primary,Cavum Oris,IVA,4a,2b,0,multi,Other HPV,NA,1098,TRUE,1098,1
GSM1607724,M,71.3045859000684,No,0,31 to 60,Primary,Oropharynx,IVA,4a,2b,0,mono,Other HPV,NA,1002,TRUE,1002,1
GSM1607725,F,52.9226557152635,Yes,40,>60,Primary,Oropharynx,IVA,4a,2b,0,multi,Other HPV,NA,1508,FALSE,1508,0
GSM1607726,M,58.362765229295,Yes,40,>60,Primary,Oropharynx,IVA,3,2b,0,multi,Negative,DNA-,1191,TRUE,1191,1
GSM1607727,M,46.5188227241615,Yes,35,no,Primary,Oropharynx,IVA,3,2b,0,multi,Negative,DNA-,1137,FALSE,1137,0
GSM1607728,M,59.0198494182067,Yes,60,31 to 60,Primary,Larynx,IVB,2,3,0,multi,Negative,DNA-,1281,TRUE,1281,1
GSM1607729,M,57.7604380561259,Yes,50,>60,Primary,Oropharynx,IVA,4a,2c,0,mono,Negative,DNA-,753,TRUE,753,1
GSM1607730,M,51.4579055441478,Yes,35,>60,Secondary,Hypopharynx,III,3,0,0,multi,Negative,DNA-,1052,FALSE,1052,0
GSM1607731,M,47.6495550992471,Yes,12,>60,Primary,Oropharynx,III,3,0,0,multi,Negative,DNA-,1150,TRUE,1150,1
GSM1607732,M,48.5585215605749,Yes,35,>60,Primary,Oropharynx,IVA,1,2a,0,multi,Negative,DNA-,1270,TRUE,1270,1
GSM1607733,M,68.6899383983573,Yes,45,1 to 30,Primary,Cavum Oris,II,2,0,0,multi,Negative,DNA-,2029,FALSE,2029,0
GSM1607734,M,59.7754962354552,Yes,48,>60,Primary,Oropharynx,IVA,4a,2b,0,multi,Negative,DNA-,267,TRUE,267,1
GSM1607735,M,51.0992470910335,Yes,30,1 to 30,Primary,Oropharynx,IVA,3,2c,0,multi,Negative,DNA-,1219,FALSE,1219,0
GSM1607736,M,65.4182067077344,Yes,125,31 to 60,Primary,Oropharynx,IVA,4a,0,0,mono,Negative,DNA-,1074,FALSE,1074,0
GSM1607737,F,78.0643394934976,Yes,50,>60,Primary,Cavum Oris,II,2,0,0,mono,Negative,DNA-,1179,TRUE,1179,1
GSM1607738,F,70.4941820670773,No,0,no,Primary,Cavum Oris,IVA,4a,0,0,multi,Negative,DNA-,1066,TRUE,1066,1
GSM1607739,M,54.0451745379877,Yes,30,>60,Primary,Oropharynx,III,3,1,0,multi,Negative,DNA-,1717,FALSE,1717,0
GSM1607740,M,43.1895961670089,Yes,30,>60,Primary,Cavum Oris,III,2,1,0,multi,Negative,DNA-,2059,FALSE,2059,0
GSM1607741,M,68.227241615332,No,0,31 to 60,Primary,Cavum Oris,IVA,4a,2b,0,mono,Negative,DNA-,177,TRUE,177,1
GSM1607742,M,69.2511978097194,Yes,40,31 to 60,Primary,Oropharynx,IVA,3,2b,0,multi,Negative,DNA-,274,TRUE,274,1
GSM1607743,M,54.009582477755,Yes,35,31 to 60,Primary,Cavum Oris,I,1,0,0,mono,Negative,DNA-,1962,TRUE,1962,1
GSM1607744,M,56.9883641341547,Yes,41,>60,Primary,Oropharynx,II,2,0,0,multi,Negative,DNA-,2001,FALSE,2001,0
GSM1607745,M,50.8090349075975,Yes,30,>60,Primary,Oropharynx,IVA,4a,2b,0,multi,Negative,DNA-,1597,FALSE,1597,0
GSM1607746,M,49.0047912388775,Yes,30,31 to 60,Primary,Cavum Oris,IVA,3,2b,0,multi,Negative,DNA-,945,FALSE,945,0
GSM1607747,F,69.7987679671458,No,0,no,Primary,Cavum Oris,IVA,4a,0,0,multi,Negative,DNA-,974,FALSE,974,0
GSM1607748,F,59.0691307323751,Yes,33,1 to 30,Primary,Oropharynx,IVA,1,2b,0,multi,Negative,DNA-,1002,FALSE,1002,0
GSM1607749,F,50.6447638603696,Yes,15,>60,Primary,Cavum Oris,IVA,2,2b,0,multi,Negative,DNA-,1016,FALSE,1016,0
GSM1607750,M,52.829568788501,Yes,36,>60,Primary,Oropharynx,IVA,4a,2a,0,multi,Negative,DNA-,1004,FALSE,1004,0
GSM1607751,M,87.4086242299795,No,0,no,Primary,Cavum Oris,IVA,4a,2b,0,palliative,Negative,DNA-,1002,TRUE,1002,1
GSM1607752,M,56.788501026694,Yes,40,1 to 30,Primary,Oropharynx,IVA,4a,2b,0,multi,Negative,DNA-,982,FALSE,982,0
GSM1607753,M,56.7693360711841,Yes,40,>60,Primary,Cavum Oris,II,2,0,0,mono,Negative,DNA-,961,FALSE,961,0
GSM1607754,M,64.5338809034908,Yes,75,31 to 60,Primary,Cavum Oris,I,1,0,0,mono,Negative,DNA-,954,FALSE,954,0
GSM1607755,F,52.5694729637235,Yes,30,no,Primary,Cavum Oris,IVA,2,2b,0,multi,Negative,DNA-,951,TRUE,951,1
GSM1607756,M,56.8624229979466,Yes,40,>60,Primary,Oropharynx,II,2,0,0,mono,Negative,DNA-,944,FALSE,944,0
GSM1607757,M,67.3292265571526,Yes,30,1 to 30,Primary,Cavum Oris,IVA,4a,1,0,multi,Negative,DNA-,941,FALSE,941,0
GSM1607758,M,48.1752224503765,Yes,35,>60,Primary,Oropharynx,IVA,3,2b,0,multi,Negative,DNA-,906,TRUE,906,1
GSM1607759,M,54.1327857631759,Yes,30,>60,Primary,Cavum Oris,IVA,2,2b,0,multi,Negative,DNA-,927,FALSE,927,0
GSM1607760,M,61.347022587269,No,0,>60,Primary,Oropharynx,IVB,1,3,0,multi,Negative,DNA-,896,FALSE,896,0
GSM1607761,M,40.0465434633812,Yes,17,>60,Primary,Cavum Oris,IVA,2,2b,0,multi,Negative,DNA-,903,TRUE,903,1
GSM1607762,M,58.9267624914442,Yes,31,1 to 30,Primary,Oropharynx,IVA,4a,2c,0,multi,Negative,DNA-,875,FALSE,875,0
GSM1607763,M,77.1170431211499,Yes,45,31 to 60,Primary,Larynx,IVA,4a,2c,0,mono,Negative,DNA-,906,FALSE,906,0
GSM1607764,M,68.3175906913073,Yes,48,no,Primary,Hypopharynx,III,3,1,0,multi,Negative,DNA-,1808,TRUE,1808,1
GSM1607765,M,58.0177960301164,Yes,15,no,Primary,Oropharynx,IVA,2,2b,0,multi,HPV16,DNA+RNA+,1837,FALSE,1837,0
GSM1607766,M,55.7070499657769,Yes,30,>60,Primary,Oropharynx,IVA,4a,2c,0,multi,NA,NA,304,TRUE,304,1
GSM1607767,M,63.5099247091034,Yes,76,>60,Primary,Oropharynx,IVA,3,2b,0,multi,Negative,DNA-,652,TRUE,652,1
GSM1607768,M,61.223819301848,Yes,40,>60,Primary,Oropharynx,IVA,4a,2b,0,multi,Negative,DNA-,2033,TRUE,2033,1
GSM1607769,M,57.1471594798084,Yes,60,>60,Primary,Oropharynx,III,3,0,0,multi,Negative,DNA-,1827,FALSE,1827,0
GSM1607770,M,51.192334017796,Yes,30,>60,Primary,Oropharynx,IVA,3,2c,0,mono,Other HPV,NA,1872,TRUE,1872,1
GSM1607771,F,70.0971937029432,No,0,no,Primary,Oropharynx,II,2,0,0,mono,HPV16,DNA+RNA+,2025,FALSE,2025,0
GSM1607772,F,55.6440793976728,Yes,10,1 to 30,Primary,Oropharynx,III,2,1,0,multi,HPV16,DNA+RNA+,1855,FALSE,1855,0
GSM1607773,F,56.3969883641342,Yes,28,>60,Primary,Oropharynx,III,3,1,0,multi,Negative,DNA-,2310,FALSE,2310,0
GSM1607774,M,69.0951403148528,No,0,no,Secondary,Larynx,II,2,0,0,multi,Negative,DNA-,499,TRUE,499,1
GSM1607775,M,40.394250513347,Yes,7,>60,Primary,Hypopharynx,IVA,4a,2c,0,multi,Negative,DNA-,679,TRUE,679,1
GSM1607776,M,77.409993155373,No,0,31 to 60,Primary,Larynx,II,2,0,0,mono,Negative,DNA-,1099,FALSE,1099,0
GSM1607777,M,71.668720054757,Yes,45,31 to 60,Primary,Hypopharynx,II,2,0,0,mono,Negative,DNA-,1219,FALSE,1219,0
GSM1607778,M,52.4271047227926,Yes,30,>60,Primary,Larynx,III,3,0,0,multi,Negative,DNA-,1904,FALSE,1904,0
GSM1607779,M,49.2566735112936,Yes,45,>60,Primary,Hypopharynx,IVC,4a,2c,1,multi,Negative,DNA-,23,TRUE,23,1
GSM1607780,M,44.4599589322382,Yes,30,31 to 60,Primary,Oropharynx,I,1,0,0,multi,Negative,DNA-,1176,FALSE,1176,0
GSM1607781,M,72.6680355920602,Yes,25,1 to 30,Primary,Larynx,II,2,0,0,mono,Negative,DNA-,1147,FALSE,1147,0
GSM1607782,F,70.4093086926762,No,0,1 to 30,Primary,Cavum Oris,III,1,1,0,multi,Negative,DNA-,1178,FALSE,1178,0
GSM1607783,M,63.2005475701574,No,0,31 to 60,Primary,Oropharynx,IVA,1,2b,0,multi,HPV16,DNA+RNA+,1123,FALSE,1123,0
GSM1607784,M,67.4496919917865,Yes,50,31 to 60,Primary,Larynx,IVA,4a,0,0,multi,Negative,DNA-,1051,FALSE,1051,0
GSM1607785,M,74.0396988364134,Yes,30,31 to 60,Primary,Cavum Oris,IVA,4a,1,0,multi,Negative,DNA-,1184,FALSE,1184,0
GSM1607786,M,60.0328542094456,Yes,16,1 to 30,Primary,Larynx,IVA,3,2c,0,multi,Negative,DNA-,1192,FALSE,1192,0
GSM1607787,M,56.9144421629021,Yes,25,>60,Primary,Larynx,IVA,3,2c,0,multi,Negative,DNA-,1808,FALSE,1808,0
GSM1607788,M,69.2950034223135,Yes,30,>60,Primary,Larynx,IVA,3,2c,0,multi,Negative,DNA-,1332,FALSE,1332,0
GSM1607789,M,69.7248459958932,Yes,50,1 to 30,Primary,Larynx,II,2,0,0,mono,Negative,DNA-,1305,FALSE,1305,0
GSM1607790,M,57.9082819986311,Yes,40,1 to 30,Primary,Hypopharynx,IVA,3,2c,0,multi,Negative,DNA-,1024,FALSE,1024,0
GSM1607791,M,54.1601642710472,Yes,15,>60,Primary,Hypopharynx,III,3,1,0,multi,Negative,DNA-,1060,FALSE,1060,0
GSM1607792,F,68.3203285420945,No,0,1 to 30,Primary,Hypopharynx,IVA,4a,1,0,multi,Negative,DNA-,602,TRUE,602,1
GSM1607793,M,77.284052019165,Yes,80,31 to 60,Primary,Cavum Oris,II,2,0,0,multi,Negative,DNA-,831,TRUE,831,1
GSM1607794,M,50.2943189596167,Yes,30,1 to 30,Primary,Hypopharynx,III,2,1,0,multi,Negative,DNA-,1067,FALSE,1067,0
GSM1607795,M,80.2710472279261,Yes,65,31 to 60,Primary,Larynx,I,1,0,0,mono,Negative,DNA-,118,TRUE,118,1
GSM1607796,F,56.5667351129363,No,0,no,Primary,Larynx,IVA,3,2b,0,multi,HPV16,DNA+RNA-,1107,FALSE,1107,0
GSM1607797,M,52.3340177960301,Yes,45,31 to 60,Primary,Cavum Oris,IVA,4a,2c,0,multi,Negative,DNA-,954,FALSE,954,0
GSM1607798,M,68.1095140314853,Yes,20,1 to 30,Primary,Cavum Oris,III,1,1,0,multi,Negative,DNA-,834,FALSE,834,0
GSM1607799,M,55.3483915126626,Yes,40,>60,Primary,Larynx,III,3,0,0,multi,Negative,DNA-,253,TRUE,253,1
GSM1607800,F,58.1957563312799,Yes,30,1 to 30,Primary,Larynx,IVA,4a,2c,0,multi,HPV16,DNA+RNA+,1252,FALSE,1252,0
GSM1607801,M,74.8117727583847,No,0,1 to 30,Primary,Larynx,IVC,4a,1,1,multi,Negative,DNA-,521,TRUE,521,1
GSM1607802,M,51.2826830937714,Yes,35,>60,Primary,Cavum Oris,IVA,4a,2c,0,multi,Negative,DNA-,968,FALSE,968,0
GSM1607803,M,55.1238877481177,Yes,39,31 to 60,Primary,Larynx,IVB,3,3,0,multi,Negative,DNA-,429,TRUE,429,1
GSM1607804,M,70.6830937713895,Yes,20,1 to 30,Primary,Larynx,II,2,0,0,mono,Negative,DNA-,1211,FALSE,1211,0
GSM1607805,M,60.0684462696783,Yes,45,>60,Primary,Larynx,I,1,0,0,mono,Negative,DNA-,1182,FALSE,1182,0
GSM1607806,M,81.7659137577002,No,0,1 to 30,Primary,Hypopharynx,IVA,4a,0,0,multi,Negative,DNA-,582,TRUE,582,1
GSM1607807,M,52.4052019164955,Yes,30,>60,Primary,Hypopharynx,III,2,1,0,multi,Negative,DNA-,996,FALSE,996,0
GSM1607808,M,61.9767282683094,Yes,60,>60,Primary,Hypopharynx,IVA,3,2b,0,multi,Negative,DNA-,979,FALSE,979,0
GSM1607809,M,56.2956878850103,Yes,70,>60,Primary,Larynx,I,1,0,0,mono,Negative,DNA-,1043,FALSE,1043,0
GSM1607810,M,58.6146475017112,Yes,NA,1 to 30,Primary,Larynx,IVA,4a,2b,0,multi,Negative,DNA-,1270,TRUE,1270,1
GSM1607811,M,67.0636550308008,No,0,1 to 30,Primary,Larynx,III,3,0,0,multi,Negative,DNA-,885,FALSE,885,0
GSM1607812,M,57.1334702258727,Yes,60,>60,Primary,Larynx,III,3,0,0,multi,Negative,DNA-,1185,FALSE,1185,0
GSM1607813,M,58.9349760438056,Yes,60,>60,Primary,Hypopharynx,IVA,4a,2c,0,multi,Negative,DNA-,811,TRUE,811,1
GSM1607814,M,65.6454483230664,Yes,45,31 to 60,Primary,Larynx,II,2,0,0,mono,Negative,DNA-,1024,FALSE,1024,0
GSM1607815,M,44.7227926078029,Yes,50,>60,Primary,Larynx,IVA,3,2b,0,mono,Negative,DNA-,856,FALSE,856,0
GSM1607816,M,51.6495550992471,Yes,33,>60,Primary,Cavum Oris,I,1,0,0,mono,Negative,DNA-,1017,FALSE,1017,0
GSM1607817,F,72.5201916495551,No,0,1 to 30,Primary,Oropharynx,IVA,3,2c,0,multi,HPV16,DNA+RNA-,489,TRUE,489,1
GSM1607818,M,64.4161533196441,Yes,50,1 to 30,Primary,Cavum Oris,IVA,4a,2c,0,multi,Negative,DNA-,1057,FALSE,1057,0
GSM1607819,M,55.9534565366188,Yes,40,1 to 30,Primary,Oropharynx,IVA,4a,2c,0,mono,Other HPV,NA,1057,TRUE,1057,1
GSM1607820,M,70.7132101300479,Yes,55,>60,Primary,Cavum Oris,II,2,0,0,multi,Negative,DNA-,1009,TRUE,1009,1
GSM1607821,M,53.8945927446954,Yes,40,>60,Primary,Cavum Oris,III,3,0,0,mono,HPV16,DNA+RNA-,1107,FALSE,1107,0
GSM1607822,M,48.8268309377139,Yes,45,>60,Primary,Cavum Oris,II,2,0,0,mono,HPV16,DNA+RNA+,875,FALSE,875,0
GSM1607823,M,42.7898699520876,No,0,1 to 30,Primary,Cavum Oris,IVA,4a,0,0,multi,Negative,DNA-,689,TRUE,689,1
GSM1607824,M,56.9637234770705,No,0,>60,Primary,Cavum Oris,IVC,4a,2a,1,mono,Negative,DNA-,275,TRUE,275,1
GSM1607825,M,44.6269678302532,Yes,25,>60,Primary,Hypopharynx,IVA,3,2b,0,multi,Negative,DNA-,631,TRUE,631,1
GSM1607826,M,66.4531143052704,Yes,10,31 to 60,Primary,Cavum Oris,IVA,2,2b,0,multi,Negative,DNA-,1365,FALSE,1365,0
GSM1607827,M,56.9472963723477,Yes,40,31 to 60,Primary,Hypopharynx,IVA,2,2b,0,multi,Negative,DNA-,815,FALSE,815,0
GSM1607828,M,68.331279945243,Yes,50,31 to 60,Primary,Cavum Oris,I,1,0,0,mono,Negative,DNA-,793,FALSE,793,0
GSM1607829,M,77.6919917864476,No,0,31 to 60,Primary,Hypopharynx,IVA,3,2b,0,multi,Negative,DNA-,356,TRUE,356,1
GSM1607830,M,64.5092402464066,Yes,60,no,Primary,Larynx,IVA,4a,0,0,multi,Negative,DNA-,794,FALSE,794,0
GSM1607831,F,44.3066392881588,Yes,10,1 to 30,Primary,Cavum Oris,I,1,0,0,multi,Negative,DNA-,793,FALSE,793,0
GSM1607832,M,70.9815195071869,Yes,48,31 to 60,Primary,Larynx,IVA,4a,2c,0,multi,Negative,DNA-,272,TRUE,272,1
GSM1607833,M,55.854893908282,Yes,30,31 to 60,Primary,Cavum Oris,IVA,4a,0,0,multi,Negative,DNA-,1025,FALSE,1025,0
GSM1607834,M,52.621492128679,Yes,35,>60,Primary,Oropharynx,III,1,1,0,mono,HPV16,DNA+RNA-,734,FALSE,734,0
GSM1607835,M,72.1122518822724,Yes,15,1 to 30,Primary,Oropharynx,II,2,0,0,mono,Negative,DNA-,846,FALSE,846,0
GSM1607836,M,83.482546201232,No,0,no,Primary,Larynx,II,2,0,0,mono,Negative,DNA-,713,FALSE,713,0
GSM1607837,M,77.0458590006845,Yes,60,1 to 30,Primary,Hypopharynx,III,2,1,0,mono,Negative,DNA-,1245,FALSE,1245,0
GSM1607838,M,54.3956194387406,Yes,35,1 to 30,Primary,Oropharynx,IVA,4a,0,0,mono,HPV16,DNA+RNA+,725,TRUE,725,1
GSM1607839,F,52.6817248459959,Yes,3,1 to 30,Primary,Larynx,IVA,4a,2b,0,multi,Negative,DNA-,755,FALSE,755,0
GSM1607840,M,45.7604380561259,Yes,33,31 to 60,Primary,Cavum Oris,I,1,0,0,mono,Negative,DNA-,758,FALSE,758,0
GSM1607841,M,72.7419575633128,Yes,45,31 to 60,Primary,Larynx,III,3,0,0,multi,Negative,DNA-,417,TRUE,417,1
GSM1607842,F,50.2642026009582,No,0,no,Primary,NA,III,3,1,0,multi,Negative,DNA-,1291,FALSE,1291,0
GSM1607843,M,73.0321697467488,Yes,20,1 to 30,Primary,Hypopharynx,IVA,4a,1,0,mono,Negative,DNA-,269,TRUE,269,1
GSM1607844,M,61.6454483230664,Yes,40,1 to 30,Primary,Larynx,IVA,2,2b,0,multi,Negative,DNA-,730,FALSE,730,0
GSM1607845,M,62.7597535934292,Yes,55,31 to 60,Primary,Hypopharynx,IVA,3,2b,0,multi,Negative,DNA-,882,FALSE,882,0
GSM1607846,M,59.170431211499,Yes,25,1 to 30,Primary,Hypopharynx,IVA,4a,0,0,multi,Negative,DNA-,764,FALSE,764,0
GSM1607847,M,56.5749486652977,Yes,50,>60,Primary,Oropharynx,IVA,2,2a,0,multi,Negative,DNA-,1059,FALSE,1059,0
GSM1607848,M,61.8535249828884,Yes,112.5,>60,Primary,Cavum Oris,IVA,4a,0,0,multi,Negative,DNA-,743,FALSE,743,0
GSM1607849,M,57.0759753593429,Yes,41,>60,Primary,Cavum Oris,IVA,3,2c,0,multi,Negative,DNA-,257,TRUE,257,1
GSM1607850,M,77.7987679671458,Yes,20,>60,Primary,Larynx,I,1,0,0,mono,Negative,DNA-,617,TRUE,617,1
GSM1607851,M,55.7590691307324,Yes,25,>60,Primary,Larynx,IVA,2,2b,0,multi,Negative,DNA-,120,TRUE,120,1
GSM1607852,M,57.678302532512,Yes,50,31 to 60,Primary,Larynx,II,2,0,0,mono,Negative,DNA-,1162,FALSE,1162,0
GSM1607853,M,69.7987679671458,Yes,38,31 to 60,Primary,Larynx,IVA,4a,0,0,mono,Negative,DNA-,758,FALSE,758,0
GSM1607854,M,45.3497604380561,No,0,31 to 60,Primary,Cavum Oris,II,2,0,0,mono,Negative,DNA-,765,FALSE,765,0
GSM1607855,M,50.1601642710472,Yes,35,1 to 30,Primary,Larynx,IVA,3,2c,0,mono,Negative,DNA-,146,TRUE,146,1
GSM1607856,M,59.62765229295,Yes,40,31 to 60,Primary,Hypopharynx,IVB,4a,3,0,multi,Negative,DNA-,209,TRUE,209,1
GSM1607857,M,74.6967830253251,No,0,>60,Primary,Larynx,IVA,3,2b,0,multi,Negative,DNA-,769,FALSE,769,0
GSM1607858,M,52.1286789869952,Yes,42,>60,Primary,Larynx,I,1,0,0,mono,HPV16,DNA+RNA-,785,FALSE,785,0
GSM1607859,M,42.6776180698152,Yes,35,>60,Primary,Hypopharynx,III,2,1,0,multi,Negative,DNA-,843,FALSE,843,0
GSM1607860,M,76.5503080082135,Yes,50,1 to 30,Primary,Larynx,IVA,4a,0,0,multi,Negative,DNA-,826,FALSE,826,0
GSM1607861,M,57.4592744695414,Yes,45,>60,Primary,Hypopharynx,IVB,2,3,0,multi,Negative,DNA-,258,TRUE,258,1
GSM1607862,M,48.2956878850103,Yes,20,1 to 30,Primary,Cavum Oris,IVA,4a,0,0,mono,Negative,DNA-,139,TRUE,139,1
GSM1607863,M,46.9267624914442,Yes,15,>60,Primary,Cavum Oris,IVA,4a,2b,0,multi,Negative,DNA-,710,FALSE,710,0
GSM1607864,M,50.6639288158795,Yes,35,31 to 60,Primary,Hypopharynx,IVA,4a,2b,0,multi,Negative,DNA-,769,FALSE,769,0
GSM1607865,F,70.9979466119097,Yes,9,1 to 30,Primary,Cavum Oris,IVC,2,2c,1,multi,Negative,DNA-,305,TRUE,305,1
GSM1607866,M,52.0520191649555,Yes,35,>60,Primary,Oropharynx,IVA,4a,2c,0,multi,Negative,DNA-,871,FALSE,871,0
GSM1607867,M,76.3504449007529,Yes,50,31 to 60,Primary,Cavum Oris,IVA,4a,2c,0,mono,Negative,DNA-,466,TRUE,466,1
GSM1607868,M,61.1060917180014,Yes,90,31 to 60,Primary,Oropharynx,IVA,1,2c,0,multi,HPV16,DNA+RNA-,855,FALSE,855,0
GSM1607869,M,47.1594798083504,No,0,>60,Primary,Cavum Oris,IVA,4a,1,0,multi,Negative,DNA-,857,FALSE,857,0
GSM1607870,M,58.2833675564682,No,0,no,Primary,Cavum Oris,IVA,4a,2c,0,multi,HPV16,DNA+RNA+,840,FALSE,840,0
GSM1607871,M,53.6536618754278,Yes,60,1 to 30,Primary,Cavum Oris,IVA,4a,2c,0,multi,Negative,DNA-,147,TRUE,147,1
GSM1607872,M,51.8850102669405,Yes,15,1 to 30,Primary,Cavum Oris,IVB,4b,3,0,mono,Negative,DNA-,182,TRUE,182,1
GSM1607873,M,48.8980150581793,Yes,30,>60,Primary,Cavum Oris,IVA,3,2c,0,multi,Negative,DNA-,825,FALSE,825,0
GSM1607874,M,56.3613963039014,Yes,20,>60,Primary,Oropharynx,II,2,0,0,mono,Negative,DNA-,790,FALSE,790,0
GSM1607875,F,53.9110198494182,Yes,10,1 to 30,Primary,Oropharynx,II,2,0,0,mono,Negative,DNA-,877,FALSE,877,0
GSM1607876,M,75.709787816564,Yes,120,31 to 60,Primary,Oropharynx,IVA,2,2b,0,multi,HPV16,DNA+RNA+,813,FALSE,813,0
GSM1607877,M,58.6803559206023,Yes,60,>60,Primary,Oropharynx,IVA,3,2c,0,multi,HPV16,DNA+RNA+,268,TRUE,268,1
GSM1607878,M,48.8158795345654,Yes,24,31 to 60,Primary,Oropharynx,IVA,2,2b,0,multi,HPV16,DNA+RNA+,785,FALSE,785,0
GSM1607879,M,56.3394934976044,Yes,13,1 to 30,Primary,Oropharynx,IVA,2,2c,0,mono,Other HPV,NA,777,FALSE,777,0
GSM1607880,M,62.1409993155373,No,0,1 to 30,Primary,Oropharynx,IVA,3,2b,0,multi,HPV16,DNA+RNA+,778,FALSE,778,0
GSM1607881,F,75.3839835728953,No,0,1 to 30,Primary,Cavum Oris,I,1,0,0,mono,HPV16,DNA+RNA-,787,FALSE,787,0
GSM1607882,M,48.2984257357974,Yes,20,no,Primary,Oropharynx,II,2,0,0,mono,Negative,DNA-,750,FALSE,750,0
GSM1607883,M,66.0506502395619,Yes,35,1 to 30,Primary,Oropharynx,IVA,4a,2a,0,multi,Negative,DNA-,324,TRUE,324,1
GSM1607884,M,44.3039014373717,Yes,15,31 to 60,Primary,Oropharynx,IVA,4a,2c,0,multi,Negative,DNA-,1115,FALSE,1115,0
GSM1607885,M,52.4298425735797,Yes,40,31 to 60,Primary,Cavum Oris,IVA,3,2b,0,multi,Negative,DNA-,279,TRUE,279,1
GSM1607886,M,48.3613963039014,Yes,35,>60,Primary,Oropharynx,IVA,4a,2b,0,multi,Negative,DNA-,741,FALSE,741,0
GSM1607887,M,70.4010951403149,Yes,15,1 to 30,Primary,Cavum Oris,IVA,2,2b,0,multi,HPV16,DNA+RNA+,764,FALSE,764,0
GSM1607888,M,57.8370978781656,Yes,45,>60,Primary,Cavum Oris,III,2,1,0,multi,Negative,DNA-,769,FALSE,769,0
GSM1607889,F,35.3401779603012,Yes,4,1 to 30,Primary,Cavum Oris,I,1,0,0,mono,Negative,DNA-,751,FALSE,751,0
GSM1607890,F,82.0889801505818,No,0,no,Primary,Cavum Oris,IVA,4a,2c,0,mono,Negative,DNA-,212,TRUE,212,1
GSM1607891,M,68.1505817932923,Yes,40,>60,Primary,Oropharynx,IVB,3,3,0,mono,Negative,DNA-,325,TRUE,325,1
GSM1607892,F,59.0417522245038,Yes,22.5,31 to 60,Primary,Cavum Oris,IVA,4a,2c,0,multi,Negative,DNA-,616,TRUE,616,1
GSM1607893,M,61.1416837782341,Yes,30,>60,Primary,Oropharynx,IVA,2,2b,0,mono,HPV16,DNA+RNA+,776,FALSE,776,0
GSM1607894,M,70.0862422997947,Yes,50,no,Primary,Cavum Oris,IVA,4a,2c,0,multi,Negative,DNA-,825,FALSE,825,0
GSM1607895,M,58.6639288158795,Yes,75,1 to 30,Primary,Oropharynx,IVA,2,2c,0,multi,Negative,DNA-,1357,FALSE,1357,0
GSM1607896,F,46.5106091718001,Yes,68,>60,Primary,Cavum Oris,IVA,3,2c,0,multi,Negative,DNA-,1063,TRUE,1063,1
GSM1607897,M,59.4004106776181,Yes,55,>60,Primary,Cavum Oris,IVA,4a,2b,0,mono,Negative,DNA-,294,TRUE,294,1
GSM1607898,M,53.2731006160164,Yes,30,31 to 60,Primary,Cavum Oris,I,1,0,0,mono,Negative,DNA-,680,FALSE,680,0
GSM1607899,M,74.943189596167,Yes,40,no,Primary,Oropharynx,IVB,4b,2c,0,mono,HPV16,DNA+RNA+,689,FALSE,689,0
GSM1607900,F,59.8932238193018,Yes,10.3,1 to 30,Primary,Oropharynx,III,2,1,0,multi,HPV16,DNA+RNA+,657,FALSE,657,0
GSM1607901,M,60.5475701574264,Yes,45,>60,Primary,Oropharynx,IVA,4a,2b,0,mono,Negative,DNA-,366,TRUE,366,1
GSM1607902,M,69.8617385352498,Yes,60,31 to 60,Primary,Oropharynx,IVB,4a,3,0,multi,HPV16,DNA+RNA+,611,TRUE,611,1
GSM1607903,M,61.3497604380561,Yes,40,31 to 60,Primary,Oropharynx,II,2,0,0,multi,HPV16,DNA+RNA-,665,FALSE,665,0
GSM1607904,M,68.9363449691992,Yes,50,31 to 60,Primary,Oropharynx,IVA,1,2b,0,mono,HPV16,DNA+RNA-,701,FALSE,701,0
GSM1607905,M,58.3381245722108,Yes,15,no,Primary,Oropharynx,IVA,4a,2b,0,mono,HPV16,DNA+RNA+,657,FALSE,657,0
GSM1607906,F,70.113620807666,Yes,50,no,Primary,Cavum Oris,IVA,4a,0,0,multi,Negative,DNA-,632,FALSE,632,0
GSM1607907,M,78.8090349075975,Yes,38,>60,Primary,Oropharynx,IVA,1,2c,0,mono,Negative,DNA-,161,TRUE,161,1
GSM1607908,M,58.7049965776865,Yes,40,>60,Primary,Oropharynx,IVC,3,3,1,multi,Negative,DNA-,415,TRUE,415,1
GSM1607909,M,76.0766598220397,Yes,25,31 to 60,Primary,Cavum Oris,IVA,4a,1,0,mono,Negative,DNA-,619,FALSE,619,0
GSM1607910,M,54.3162217659138,No,0,31 to 60,Primary,Oropharynx,IVA,2,2b,0,multi,HPV16,DNA+RNA+,605,FALSE,605,0
GSM1607911,F,85.719370294319,No,0,1 to 30,Primary,Cavum Oris,IVA,4a,2c,0,palliative,Negative,DNA-,652,FALSE,652,0
GSM1607912,M,60.1177275838467,Yes,60,>60,Primary,Larynx,II,2,0,0,multi,Negative,DNA-,643,FALSE,643,0
GSM1607913,M,49.2128678986995,Yes,45,1 to 30,Primary,Hypopharynx,IVA,4a,2c,0,multi,HPV16,DNA+RNA-,603,FALSE,603,0
GSM1607914,F,69.9958932238193,No,0,>60,Primary,Hypopharynx,IVA,4a,0,0,multi,Other HPV,NA,1210,TRUE,1210,1
GSM1607915,M,85.6454483230664,Yes,25,no,Relapse,Hypopharynx,II,2,0,0,multi,Negative,DNA-,510,TRUE,510,1
GSM1607916,M,55.3264887063655,Yes,30,31 to 60,Secondary,Hypopharynx,I,1,0,0,multi,Negative,DNA-,662,TRUE,662,1
GSM1607917,M,69.8973305954825,Yes,40,>60,Secondary,Hypopharynx,III,3,0,0,multi,Negative,DNA-,188,TRUE,188,1
GSM1607918,M,70.0506502395619,Yes,30,1 to 30,Secondary,Cavum Oris,IVA,4a,0,0,mono,Negative,DNA-,46,TRUE,46,1
GSM1607919,M,66.8884325804244,Yes,60,31 to 60,Secondary,Larynx,IVA,4a,0,0,multi,Negative,DNA-,783,FALSE,783,0
GSM1607920,M,74.3572895277207,Yes,55,31 to 60,Secondary,Cavum Oris,IVA,4a,0,0,multi,Negative,DNA-,1067,FALSE,1067,0
GSM1607921,M,62.6721423682409,Yes,50,>60,Secondary,Larynx,IVC,3,0,1,mono,Negative,DNA-,344,TRUE,344,1
GSM1607922,F,62.5653661875428,Yes,10,no,Secondary,Larynx,III,3,0,0,multi,Negative,DNA-,833,FALSE,833,0
GSM1607923,M,57.8425735797399,Yes,160,>60,Secondary,Cavum Oris,IVA,4a,0,0,multi,Negative,DNA-,805,FALSE,805,0
GSM1607924,F,87.0444900752909,No,0,1 to 30,Relapse,Cavum Oris,III,3,0,0,multi,Negative,DNA-,154,TRUE,154,1
GSM1607925,M,67.605749486653,Yes,34,1 to 30,Secondary,Larynx,II,2,0,0,mono,Negative,DNA-,734,FALSE,734,0
GSM1607926,F,50.7268993839836,Yes,30,31 to 60,Relapse,Hypopharynx,IVA,4a,0,0,multi,Negative,DNA-,198,TRUE,198,1
GSM1607927,M,52.6242299794661,Yes,18,no,Primary,NA,IVA,3,2a,0,mono,Negative,DNA-,578,TRUE,578,1
GSM1607928,M,49.9876796714579,Yes,30,>60,Primary,Oropharynx,IVA,4a,2b,0,multi,Negative,DNA-,346,TRUE,346,1
GSM1607929,M,38.1437371663244,Yes,17,1 to 30,Primary,Cavum Oris,IVA,2,2b,0,multi,Negative,DNA-,596,FALSE,596,0
GSM1607930,M,50.4640657084189,Yes,15,>60,Primary,Oropharynx,IVA,4a,0,0,multi,Negative,DNA-,590,FALSE,590,0
GSM1607931,M,41.6892539356605,Yes,20.3,31 to 60,Primary,Cavum Oris,IVA,4a,2c,0,multi,HPV16,DNA+RNA-,596,FALSE,596,0
GSM1607932,M,71.2388774811773,Yes,40,1 to 30,Primary,Oropharynx,IVA,2,2b,0,multi,Negative,DNA-,358,TRUE,358,1
GSM1607933,M,52.2847364818617,Yes,30,1 to 30,Primary,Oropharynx,II,2,0,0,mono,HPV16,DNA+RNA+,590,FALSE,590,0
GSM1607934,M,53.7577002053388,Yes,30,31 to 60,Primary,Cavum Oris,I,1,0,0,palliative,Negative,DNA-,582,FALSE,582,0
GSM1607935,M,59.1485284052019,No,0,1 to 30,Primary,Oropharynx,III,3,1,0,mono,Negative,DNA-,581,FALSE,581,0
GSM1607936,F,73.3853524982888,Yes,7.5,1 to 30,Primary,Oropharynx,IVA,1,2c,0,multi,Negative,DNA-,553,FALSE,553,0
GSM1607937,M,51.6112251882272,Yes,35,>60,Primary,Cavum Oris,IVA,1,2c,0,multi,Negative,DNA-,574,FALSE,574,0
GSM1607938,M,56.2518822724162,Yes,40,>60,Primary,Hypopharynx,III,2,1,0,mono,Negative,DNA-,605,FALSE,605,0
GSM1607939,F,55.4469541409993,Yes,7.5,1 to 30,Primary,Oropharynx,IVA,4a,0,0,multi,Other HPV,NA,603,FALSE,603,0
GSM1607940,M,53.6974674880219,Yes,60,1 to 30,Primary,Larynx,II,2,0,0,mono,Negative,DNA-,582,FALSE,582,0
GSM1607941,M,45.9822039698836,No,0,1 to 30,Primary,Hypopharynx,IVA,2,2a,0,multi,HPV16,DNA+RNA+,577,FALSE,577,0
GSM1607942,M,72.9390828199863,Yes,1,1 to 30,Primary,Oropharynx,IVA,3,2b,0,multi,HPV16,DNA+RNA-,20,TRUE,20,1
GSM1607943,M,47.9507186858316,Yes,13.5,>60,Primary,Hypopharynx,IVA,4a,2b,0,multi,Negative,DNA-,566,FALSE,566,0
GSM1607944,M,43.2799452429843,Yes,40,1 to 30,Primary,Cavum Oris,III,1,1,0,mono,Negative,DNA-,596,FALSE,596,0
GSM1607945,M,58.031485284052,Yes,35,>60,Primary,Cavum Oris,IVA,4a,2a,0,mono,Negative,DNA-,672,FALSE,672,0
GSM1607946,F,64.0766598220397,Yes,7.5,1 to 30,Primary,Larynx,IVA,4a,2c,0,mono,Negative,DNA-,552,FALSE,552,0
GSM1607947,M,44.7173169062286,No,0,no,Primary,NA,IVB,4b,2c,0,multi,Negative,DNA-,549,FALSE,549,0
GSM1607948,F,44.8870636550308,No,0,no,Secondary,NA,IVB,4b,0,0,multi,Negative,DNA-,546,FALSE,546,0
GSM1607949,M,51.4250513347023,Yes,61,31 to 60,Primary,Cavum Oris,II,2,0,0,mono,Negative,DNA-,563,FALSE,563,0
GSM1607950,M,51.7973990417522,Yes,45,31 to 60,Primary,Larynx,II,2,0,0,mono,Negative,DNA-,623,FALSE,623,0
GSM1607951,M,74.4969199178645,Yes,44,31 to 60,Primary,Larynx,IVA,3,2b,0,multi,Negative,DNA-,597,FALSE,597,0
GSM1607952,M,59.3593429158111,Yes,40,>60,Secondary,Oropharynx,I,1,0,0,multi,Negative,DNA-,11,TRUE,11,1
GSM1607953,M,61.3990417522245,No,0,1 to 30,Secondary,Cavum Oris,II,2,0,0,multi,Negative,DNA-,577,FALSE,577,0
