Gene,Coefficient,HR_per_SD
SLC2A3,0.14523644840360175,1.1563129462973012
PGK1,0.1310610429752051,1.1400373704609423
MCTS1,0.1306819912414665,1.1396053192092035
HK1,0.10952480037396406,1.1157477415532655
S100A4,-0.10495804332148607,0.900362298005278
PKLR,-0.0966952144177822,0.9078326582766479
CSGALNACT1,-0.07819886314287465,0.9247805034989931
KRT18,0.06494166377102788,1.0670967721667939
HS3ST1,0.0646166120492164,1.0667499668915412
ABCB1,-0.06453977522258501,0.9374988242960367
SPOCK1,0.060983876042131034,1.0628817761880505
KIF5A,0.05167654070943858,1.053035073442255
SRPX,0.0490021175231839,1.0502225746083236
CYB5A,0.04769553888923321,1.0488512722836913
PLAU,0.045719124772837655,1.0467803549923549
ANXA5,0.044503287401952085,1.0455084137112063
SLC6A6,-0.04415084322888081,0.9568096183347757
CCT6A,0.03830853131789998,1.039051763439037
EPO,-0.03427650868876808,0.9663042761653586
PYGM,0.034218168320962555,1.0348103449382293
SGSM2,-0.03229013181413795,0.968225628266325
AMPD3,-0.02490635836903089,0.9754012459154556
EGF,0.023192629895157166,1.023463670259473
PTGS2,-0.022528774133651525,0.9777231036533205
DDR1,0.019780189817398125,1.0199771140283955
BTG1,-0.016376706191281294,0.9837566630195945
CD99,-0.007151975545910584,0.9928735389685645
DTNA,0.004719972603297355,1.004731129220054
CHCHD2,0.004517483565160229,1.0045277027766195
MPI,0.0019528234974323275,1.001954731499033
TGM2,0.000756223328621816,1.000756509337574
INSIG2,2.1861616390090122e-05,1.000021861855357
