,LendahlScore_c
GSM1607684,-0.6574691331032678
GSM1607685,0.2960848319431313
GSM1607686,0.005853832931474478
GSM1607687,0.10848627921706426
GSM1607688,0.02245800107930323
GSM1607689,-0.22499458648996049
GSM1607690,-0.43616532814913794
GSM1607691,0.7196865829736288
GSM1607692,0.3371689239870818
GSM1607693,-0.17511721112663273
GSM1607694,-0.42333212670719944
GSM1607695,0.1017682389211256
GSM1607696,0.25385831614319504
GSM1607697,-0.4564815002830054
GSM1607698,0.005964327211545033
GSM1607699,-0.601017789233692
GSM1607700,0.7186605607662535
GSM1607701,-0.55863582259999
GSM1607702,0.5297081787674569
GSM1607703,0.16818504452017102
GSM1607704,0.5434547722916583
GSM1607705,0.16456301337616613
GSM1607706,-0.4104502735361884
GSM1607707,0.15195958131843648
GSM1607708,0.6799832971310981
GSM1607709,-0.34351811339289956
GSM1607710,0.21386321270814454
GSM1607711,0.4107415654526956
GSM1607712,0.0032099331364299215
GSM1607713,-0.2876100523782021
GSM1607714,0.1572894905879639
GSM1607715,0.4980169437086918
GSM1607716,-0.5694764181887896
GSM1607717,-0.19504504151969887
GSM1607718,-0.6336170072013951
GSM1607719,-0.5737831843566334
GSM1607720,-0.3846470068726811
GSM1607721,-0.07365397854756035
GSM1607722,0.03650837911272746
GSM1607723,0.5495378351440777
GSM1607724,0.09844698830139727
GSM1607725,-0.11112995612592926
GSM1607726,-0.5417511268551739
GSM1607727,-0.719521467082918
GSM1607728,0.5959199278119536
GSM1607729,-0.08747074338111895
GSM1607730,0.32259962509832546
GSM1607731,0.5209379164461398
GSM1607732,0.14949047076817337
GSM1607733,-0.3326479347860161
GSM1607734,0.3418500091020302
GSM1607735,0.16136610168643545
GSM1607736,0.1204010054440255
GSM1607737,0.09945680672576995
GSM1607738,-0.3791709667481837
GSM1607739,-0.18383624873809523
GSM1607740,-0.2656882926583592
GSM1607741,0.2698593392458901
GSM1607742,0.4198764744238791
GSM1607743,-0.7357315818902365
GSM1607744,-0.2419938486929152
GSM1607745,0.474848107585726
GSM1607746,0.27839554568819785
GSM1607747,0.4579748458059749
GSM1607748,0.11566486620329522
GSM1607749,-0.2789723782260612
GSM1607750,-0.4203479240569741
GSM1607751,0.09612353536327502
GSM1607752,-0.3468134977611646
GSM1607753,0.91931356234023
GSM1607754,-0.283323743081757
GSM1607755,0.09310504624448471
GSM1607756,-0.05334222210517901
GSM1607757,-0.18177095621016603
GSM1607758,-0.5754083045559594
GSM1607759,0.006247188415805363
GSM1607760,0.3393658767815675
GSM1607761,-0.36116610257572584
GSM1607762,-0.24147620045341364
GSM1607763,0.7975410515978122
GSM1607764,-0.017064297995239255
GSM1607765,-0.29648934078536127
GSM1607766,0.20871901804851942
GSM1607767,0.43494832123285415
GSM1607768,-0.6507153543597349
GSM1607769,0.1745690901007346
GSM1607770,-0.07640869503472948
GSM1607771,-0.4128994273146498
GSM1607772,-0.6200910372867594
GSM1607773,0.5095572831141437
GSM1607774,-0.2521950989071576
GSM1607775,0.14524788252514803
GSM1607776,0.32279893803012444
GSM1607777,0.06822426384324987
GSM1607778,-0.07076364916478876
GSM1607779,-0.25359068733382223
GSM1607780,-0.4563021397649201
GSM1607781,0.024048637444399414
GSM1607782,0.0392938371680316
GSM1607783,-0.38531063188754333
GSM1607784,0.22842158434973278
GSM1607785,-4.729167418176058e-05
GSM1607786,0.6309782905040575
GSM1607787,-0.9961136744640914
GSM1607788,0.26685528072959025
GSM1607789,0.10923189852372846
GSM1607790,0.5739579171713645
GSM1607791,-0.729463768646901
GSM1607792,0.5182449738800766
GSM1607793,-0.16105751163598006
GSM1607794,-0.017613997833686647
GSM1607795,-0.261823588432793
GSM1607796,0.0757813605625464
GSM1607797,-0.13633137332496167
GSM1607798,0.0074553439762072
GSM1607799,0.5201588119728211
GSM1607800,-0.4280840064795275
GSM1607801,0.49345245230990037
GSM1607802,-0.19921725284019415
GSM1607803,0.7117068779307415
GSM1607804,0.4328217155472656
GSM1607805,-0.47984792609607807
GSM1607806,-0.3715247131593047
GSM1607807,-0.48631937946338183
GSM1607808,0.07647737671534185
GSM1607809,-0.6658413843817927
GSM1607810,-0.1807092862796962
GSM1607811,0.3119260368659698
GSM1607812,0.36954457646962346
GSM1607813,-0.8473947395232866
GSM1607814,0.9930709708420229
GSM1607815,-0.007648224322427504
GSM1607816,0.22556631733925733
GSM1607817,-0.502785527749835
GSM1607818,-0.33529105827305256
GSM1607819,0.47051960347918914
GSM1607820,0.3034498837841055
GSM1607821,-0.04291729194565458
GSM1607822,0.14320256990206984
GSM1607823,-0.17057140462529252
GSM1607824,-0.40639690717067706
GSM1607825,-0.25251430215416776
GSM1607826,-0.6531558250256696
GSM1607827,-0.13525598168464428
GSM1607828,-0.2746784985206778
GSM1607829,0.44506154389374686
GSM1607830,0.09849025296080231
GSM1607831,-0.05401317474825255
GSM1607832,-0.1463941153779738
GSM1607833,-0.12805418421266504
GSM1607834,-0.6143931911817744
GSM1607835,0.3306818479734787
GSM1607836,-0.6821168181345985
GSM1607837,0.5814544446638554
GSM1607838,0.7240815048387936
GSM1607839,0.06878636570012929
GSM1607840,0.33361307153506503
GSM1607841,-0.12090717885538674
GSM1607842,0.2377770154138333
GSM1607843,-0.664568324281913
GSM1607844,-0.4612293167519741
GSM1607845,-0.19018323390166406
GSM1607846,0.32831644063563503
GSM1607847,-0.15908779433683373
GSM1607848,-0.14890708995801646
GSM1607849,0.45003233831976996
GSM1607850,0.2867300794127383
GSM1607851,0.19763432481084972
GSM1607852,0.17410773160921095
GSM1607853,0.021519424401713273
GSM1607854,0.5571228956582379
GSM1607855,0.002537694723613575
GSM1607856,0.5055493153495993
GSM1607857,-0.17045487178245752
GSM1607858,0.5429856317625351
GSM1607859,-0.1582899040695434
GSM1607860,1.3657921519198637
GSM1607861,-0.4562138733528816
GSM1607862,-0.5249321634742312
GSM1607863,-0.2204077632949922
GSM1607864,0.2192617081684004
GSM1607865,0.48137077419054713
GSM1607866,-0.14062760215026565
GSM1607867,-0.001825712924107922
GSM1607868,-1.050262667370565
GSM1607869,0.016106982607061688
GSM1607870,0.09262297615726482
GSM1607871,-0.3997452722518781
GSM1607872,-0.008216875884149648
GSM1607873,0.31624497978758487
GSM1607874,0.1913580799385975
GSM1607875,0.25918596560405993
GSM1607876,0.7345373808096911
GSM1607877,0.6199863900790198
GSM1607878,-0.2528766114162409
GSM1607879,0.16649300142280637
GSM1607880,-0.00193829857703317
GSM1607881,-0.2139815107314522
GSM1607882,-0.266219426648803
GSM1607883,-0.21974266660413314
GSM1607884,-0.1843366307901318
GSM1607885,-0.012861192926242344
GSM1607886,0.4461062940093851
GSM1607887,-0.1952379662360155
GSM1607888,-0.04458769322852229
GSM1607889,0.2725133561005664
GSM1607890,0.31170723602855505
GSM1607891,-0.3931812758952799
GSM1607892,-0.5238821857881559
GSM1607893,-0.2283668430412593
GSM1607894,0.20193297302701818
GSM1607895,0.9954952273823059
GSM1607896,-0.1353133728741748
GSM1607897,0.1505262360489829
GSM1607898,-0.13236541577057778
GSM1607899,-0.035885642443483357
GSM1607900,0.27573559555032867
GSM1607901,-0.37844244180936853
GSM1607902,0.3347698938360477
GSM1607903,0.22454843666305377
GSM1607904,0.19418723247841815
GSM1607905,-0.4473491430556446
GSM1607906,-0.3048310445225572
GSM1607907,-0.1649868565553085
GSM1607908,0.20186040503284916
GSM1607909,-0.8215061760220872
GSM1607910,0.08505758838354212
GSM1607911,0.647503264812976
GSM1607912,-0.2163462317836416
GSM1607913,0.24471090476996443
GSM1607914,-0.18256187509951718
GSM1607915,0.3635628076344361
GSM1607916,0.298268208262555
GSM1607917,0.7422644164987561
GSM1607918,-0.44680795359044306
GSM1607919,-0.11432932659310455
GSM1607920,0.21838794522116162
GSM1607921,-0.3194275797392861
GSM1607922,0.15687641873421368
GSM1607923,-0.3540582291916889
GSM1607924,0.5503370421184628
GSM1607925,0.4060432554590477
GSM1607926,0.13499708429752552
GSM1607927,-0.8488202465639978
GSM1607928,0.4214302234840299
GSM1607929,-0.4285222223734349
GSM1607930,-0.06480526469511885
GSM1607931,-0.27515391288282814
GSM1607932,-0.03183701725748019
GSM1607933,0.043156080175659306
GSM1607934,-0.14598474501532702
GSM1607935,-0.6283217613305445
GSM1607936,0.18908154443934397
GSM1607937,0.4468441594772432
GSM1607938,-0.11200128937566477
GSM1607939,0.01708503879916316
GSM1607940,-0.3407218579675334
GSM1607941,-0.010245876687681885
GSM1607942,0.6703180316796167
GSM1607943,-0.42168616585304813
GSM1607944,-0.1726661871227181
GSM1607945,-0.033739343171528234
GSM1607946,0.2760008123371566
GSM1607947,-0.5456575696941959
GSM1607948,0.567429086064895
GSM1607949,-0.18320221605020712
GSM1607950,0.08872474695378443
GSM1607951,-0.46445431245393887
GSM1607952,0.09430807020938421
GSM1607953,0.013849574748809861
