label,N,events,penalizer,C_index,n_warnings,HR_per_SD,CI_low,CI_high,p
MAIN -- lambda.min + clinical,265,92,0.0,0.7049002047082907,0,1.2351961213523248,0.9868608589854222,1.5460228707138997,0.06511441785967596
MAIN -- lambda.1se + clinical,265,92,0.0,0.7045803480040942,0,1.2016090902549388,0.954862007614255,1.512118394353997,0.11732321707477791
MAIN -- CLINICAL ONLY,265,92,0.0,0.7009979529170931,0,,,,
SENS (simple HPV) -- lambda.min + clinical,246,81,0.0,0.7018762003250111,0,1.137084896774929,0.8984391581885537,1.4391203351827855,0.2851187950668663
SENS (simple HPV) -- lambda.1se + clinical,246,81,0.0,0.7016546018614271,0,1.1132125678189788,0.8779366793648623,1.4115394085671942,0.3759751218179993
SENS (simple HPV) -- CLINICAL ONLY,246,81,0.0,0.7005466095435071,0,,,,
SENS (detailed HPV) -- lambda.min + clinical,246,81,0.0,0.7052001772787708,0,1.1336513978459453,0.8957269876661474,1.4347736637774147,0.29660898731864127
SENS (detailed HPV) -- lambda.1se + clinical,246,81,0.0,0.703944452651795,0,1.100333361044781,0.8668818363792297,1.3966534475852739,0.43195520854791947
SENS (detailed HPV) -- CLINICAL ONLY,246,81,0.0,0.703870586497267,0,,,,
