,RSI
GSM1607684,0.14965809999999985
GSM1607685,0.26802479999999995
GSM1607686,0.26390839999999993
GSM1607687,0.25932349999999993
GSM1607688,0.1541094999999999
GSM1607689,0.25792460000000006
GSM1607690,0.26802479999999995
GSM1607691,0.37404150000000014
GSM1607692,0.2845567000000001
GSM1607693,0.40493750000000006
GSM1607694,0.26926590000000006
GSM1607695,0.3776461
GSM1607696,0.26138169999999994
GSM1607697,0.21263849999999995
GSM1607698,0.43411690000000003
GSM1607699,0.1656284
GSM1607700,0.27195040000000004
GSM1607701,0.5274367999999998
GSM1607702,0.1527105999999998
GSM1607703,0.18305089999999985
GSM1607704,0.25932349999999993
GSM1607705,0.25932349999999993
GSM1607706,0.33457519999999996
GSM1607707,0.1656284
GSM1607708,0.3199107
GSM1607709,0.3716623
GSM1607710,0.26138169999999994
GSM1607711,0.3199107
GSM1607712,0.25128150000000005
GSM1607713,0.21495380000000003
GSM1607714,0.49394059999999995
GSM1607715,0.27400860000000005
GSM1607716,0.3716623
GSM1607717,0.27400860000000005
GSM1607718,0.37404150000000014
GSM1607719,0.3636203
GSM1607720,0.37015430000000005
GSM1607721,0.16467819999999989
GSM1607722,0.27195040000000004
GSM1607723,0.27195040000000004
GSM1607724,0.2925987
GSM1607725,0.16467819999999989
GSM1607726,0.2598737
GSM1607727,0.3359104
GSM1607728,0.5677194999999998
GSM1607729,0.18140089999999987
GSM1607730,0.16310170000000002
GSM1607731,0.28993480000000005
GSM1607732,0.2862067000000001
GSM1607733,0.27400860000000005
GSM1607734,0.3716623
GSM1607735,0.43739630000000007
GSM1607736,0.4508396
GSM1607737,0.16467819999999989
GSM1607738,0.2725006
GSM1607739,0.2725006
GSM1607740,0.16170279999999992
GSM1607741,0.25998279999999996
GSM1607742,0.44543829999999995
GSM1607743,0.26390839999999993
GSM1607744,0.25998279999999996
GSM1607745,0.1520512999999999
GSM1607746,0.5313623999999999
GSM1607747,0.3755879
GSM1607748,0.1577365999999999
GSM1607749,0.41092130000000004
GSM1607750,0.3178525
GSM1607751,0.3139269
GSM1607752,0.1757286
GSM1607753,0.41991349999999994
GSM1607754,0.24529769999999995
GSM1607755,0.40886310000000003
GSM1607756,0.39689550000000007
GSM1607757,0.35318589999999994
GSM1607758,0.1577365999999999
GSM1607759,0.1541094999999999
GSM1607760,0.48131370000000007
GSM1607761,0.48131370000000007
GSM1607762,0.26802479999999995
GSM1607763,0.27195040000000004
GSM1607764,0.3089338000000001
GSM1607765,0.43019130000000005
GSM1607766,0.1440092999999999
GSM1607767,0.25932349999999993
GSM1607768,0.3272926
GSM1607769,0.26390839999999993
GSM1607770,0.27195040000000004
GSM1607771,0.1607525999999999
GSM1607772,0.43617510000000004
GSM1607773,0.27400860000000005
GSM1607774,0.2398860999999999
GSM1607775,0.32958210000000004
GSM1607776,0.26138169999999994
GSM1607777,0.26390839999999993
GSM1607778,0.1667363999999999
GSM1607779,0.25539789999999996
GSM1607780,0.4037026
GSM1607781,0.1541094999999999
GSM1607782,0.3741890000000001
GSM1607783,0.16974480000000003
GSM1607784,0.3615621
GSM1607785,0.26390839999999993
GSM1607786,0.1541094999999999
GSM1607787,0.27195040000000004
GSM1607788,0.27195040000000004
GSM1607789,0.2886731
GSM1607790,0.44543829999999995
GSM1607791,0.25539789999999996
GSM1607792,0.1530015
GSM1607793,0.3992652
GSM1607794,0.1541094999999999
GSM1607795,0.2806311
GSM1607796,0.41092130000000004
GSM1607797,0.5743296
GSM1607798,0.1667363999999999
GSM1607799,0.3755879
GSM1607800,0.14907590000000004
GSM1607801,0.3178525
GSM1607802,0.43411690000000003
GSM1607803,0.2398860999999999
GSM1607804,0.1481256999999998
GSM1607805,0.26138169999999994
GSM1607806,0.21263849999999995
GSM1607807,0.39689550000000007
GSM1607808,0.3755879
GSM1607809,0.1757286
GSM1607810,0.27400860000000005
GSM1607811,0.3675459000000001
GSM1607812,0.1667363999999999
GSM1607813,0.3435709
GSM1607814,0.38458009999999987
GSM1607815,0.44543829999999995
GSM1607816,0.39689550000000007
GSM1607817,0.05794860000000002
GSM1607818,0.2806311
GSM1607819,0.48935569999999995
GSM1607820,0.1736704
GSM1607821,0.3755879
GSM1607822,0.3098105000000001
GSM1607823,0.26802479999999995
GSM1607824,0.25539789999999996
GSM1607825,0.19156139999999994
GSM1607826,0.26138169999999994
GSM1607827,0.1527105999999998
GSM1607828,0.27400860000000005
GSM1607829,0.4637574
GSM1607830,0.5536607
GSM1607831,0.3319113
GSM1607832,0.1520512999999999
GSM1607833,0.26390839999999993
GSM1607834,0.17120460000000004
GSM1607835,0.5975781000000001
GSM1607836,0.23293820000000004
GSM1607837,0.27108109999999996
GSM1607838,0.3199107
GSM1607839,0.2903231
GSM1607840,0.2963069
GSM1607841,0.4673921
GSM1607842,0.24735589999999996
GSM1607843,0.3842892
GSM1607844,0.2886731
GSM1607845,0.1520512999999999
GSM1607846,0.3755879
GSM1607847,0.27195040000000004
GSM1607848,0.37404150000000014
GSM1607849,0.2886731
GSM1607850,0.26138169999999994
GSM1607851,0.2946569
GSM1607852,0.21263849999999995
GSM1607853,0.25932349999999993
GSM1607854,0.21263849999999995
GSM1607855,0.25539789999999996
GSM1607856,0.27195040000000004
GSM1607857,0.24735589999999996
GSM1607858,0.16310170000000002
GSM1607859,0.2925987
GSM1607860,0.2925987
GSM1607861,0.35318589999999994
GSM1607862,0.25128150000000005
GSM1607863,0.25539789999999996
GSM1607864,0.42607490000000015
GSM1607865,0.5869359000000001
GSM1607866,0.3882148000000001
GSM1607867,0.26138169999999994
GSM1607868,0.26802479999999995
GSM1607869,0.3178525
GSM1607870,0.2963069
GSM1607871,0.31241890000000005
GSM1607872,0.21957250000000006
GSM1607873,0.3806544999999999
GSM1607874,0.16467819999999989
GSM1607875,0.27195040000000004
GSM1607876,0.31948190000000015
GSM1607877,0.2598737
GSM1607878,0.4634665
GSM1607879,0.27400860000000005
GSM1607880,0.1481256999999998
GSM1607881,0.16467819999999989
GSM1607882,0.2946569
GSM1607883,0.6065703
GSM1607884,0.3675459000000001
GSM1607885,0.26390839999999993
GSM1607886,0.37404150000000014
GSM1607887,0.1757286
GSM1607888,0.25932349999999993
GSM1607889,0.2963069
GSM1607890,0.17728449999999996
GSM1607891,0.31241890000000005
GSM1607892,0.26802479999999995
GSM1607893,0.3902730000000001
GSM1607894,0.25128150000000005
GSM1607895,0.19960339999999993
GSM1607896,0.27195040000000004
GSM1607897,0.40493750000000006
GSM1607898,0.16467819999999989
GSM1607899,0.16310170000000002
GSM1607900,0.3199107
GSM1607901,0.2886731
GSM1607902,0.27400860000000005
GSM1607903,0.2942487
GSM1607904,0.5460269
GSM1607905,0.2538899
GSM1607906,0.2845567000000001
GSM1607907,0.43617510000000004
GSM1607908,0.19960339999999993
GSM1607909,0.3882148000000001
GSM1607910,0.1481256999999998
GSM1607911,0.2862067000000001
GSM1607912,0.27400860000000005
GSM1607913,0.25932349999999993
GSM1607914,0.26138169999999994
GSM1607915,0.16170279999999992
GSM1607916,0.16974480000000003
GSM1607917,0.2963069
GSM1607918,0.18436869999999994
GSM1607919,0.2822811
GSM1607920,0.21957250000000006
GSM1607921,0.24054539999999983
GSM1607922,0.18532649999999995
GSM1607923,0.3882148000000001
GSM1607924,0.32958210000000004
GSM1607925,0.3038267
GSM1607926,0.3776461
GSM1607927,0.43918349999999995
GSM1607928,0.26802479999999995
GSM1607929,0.15857769999999993
GSM1607930,0.27936609999999995
GSM1607931,0.21758779999999994
GSM1607932,0.3882148000000001
GSM1607933,0.2946569
GSM1607934,0.18697649999999993
GSM1607935,0.1858691
GSM1607936,0.16467819999999989
GSM1607937,0.5915943
GSM1607938,0.25998279999999996
GSM1607939,0.3755879
GSM1607940,0.3716623
GSM1607941,0.3199107
GSM1607942,0.2925987
GSM1607943,0.23295210000000002
GSM1607944,0.24735589999999996
GSM1607945,0.3882148000000001
GSM1607946,0.2942487
GSM1607947,0.17838489999999996
GSM1607948,0.22730299999999992
GSM1607949,0.26138169999999994
GSM1607950,0.25932349999999993
GSM1607951,0.3139269
GSM1607952,0.26138169999999994
GSM1607953,0.16467819999999989
