Gene,Selection_frequency
PGK1,0.845
HK1,0.695
PKLR,0.555
ABCB1,0.505
MCTS1,0.5
SLC2A3,0.485
S100A4,0.445
SGSM2,0.415
CSGALNACT1,0.415
KRT18,0.415
SPOCK1,0.38
PLAU,0.32
HS3ST1,0.32
EPO,0.305
STC2,0.285
SRPX,0.26
EGF,0.26
BTG1,0.25
SLC20A1,0.24
P4HA1,0.24
KIF5A,0.235
CCT6A,0.225
SCARB1,0.22
INSIG2,0.22
AMPD3,0.21
LDHC,0.21
HSPD1,0.185
ERRFI1,0.18
HEXA,0.175
IRS2,0.175
PLOD2,0.175
HSPA5,0.17
MPI,0.17
TGM2,0.165
MAPT,0.165
TCEAL1,0.16
CHCHD2,0.16
YPEL1,0.15
ANXA5,0.15
DTNA,0.145
THBS1,0.14
TBPL1,0.135
CYB5A,0.135
PFKP,0.135
PPP1R3C,0.135
CD99,0.13
SORL1,0.13
SEC61G,0.13
BACE2,0.125
PTGS2,0.125
DPYSL2,0.12
DDR1,0.11
RPL36A,0.105
TXNIP,0.105
HDAC9,0.1
EIF4A3,0.1
SELENBP1,0.1
MAFF,0.095
MT2A,0.09
DST,0.09
PHKG1,0.09
PYGM,0.085
PGAP1,0.085
IDS,0.08
BCL2,0.08
IFI27,0.08
SYT7,0.08
GPI,0.075
FOSL1,0.075
GDF15,0.075
GYS1,0.075
DUSP1,0.075
ALDOA,0.075
SLC25A32,0.075
TNFAIP8,0.07
RORA,0.07
SFXN3,0.065
SPP1,0.065
DCBLD1,0.06
VPS11,0.06
CCNG2,0.06
NOCT,0.06
CXCR4,0.06
STBD1,0.06
SLC6A6,0.06
SCNN1B,0.055
ISG20,0.055
NOS2,0.055
PCK1,0.055
CDKN3,0.055
PRKCA,0.055
TF,0.055
NAGK,0.055
GAPDH,0.055
TIMM17A,0.05
PFKL,0.05
ANGPT2,0.05
ALDOC,0.05
SHCBP1,0.05
ENO3,0.05
RBCK1,0.05
CDKN1B,0.05
PAICS,0.05
PIM2,0.045
SLC25A1,0.045
NFIL3,0.045
FOS,0.045
IER3,0.045
STC1,0.045
FYN,0.04
CHST2,0.04
ART1,0.04
IGFBP2,0.04
LOXL1,0.04
PPARA,0.04
DKC1,0.04
ODC1,0.04
KRT15,0.04
ACAT1,0.04
TKTL1,0.035
DDIT4,0.035
BIK,0.035
S100A2,0.035
PDK3,0.035
GPR87,0.035
GPC4,0.035
VEGFC,0.035
VLDLR,0.035
GPC1,0.035
BCL2L2,0.035
SPRY1,0.035
TPST2,0.03
TP53,0.03
NT5E,0.03
ANLN,0.03
KIF20A,0.03
TMEM45A,0.03
EFNA1,0.03
MT1L,0.03
EDN1,0.03
BNIP3L,0.03
TFF3,0.03
ASPH,0.03
MIF,0.03
YKT6,0.025
PKP1,0.025
MRPS17,0.025
IL6,0.025
IGF1R,0.025
PFKFB4,0.025
ADORA2B,0.025
SERPINB2,0.025
TXN,0.025
F3,0.025
CASP6,0.025
COL5A3,0.025
BCL2L1,0.025
GPRC5A,0.025
POLM,0.025
CLK1,0.02
PLIN2,0.02
XRCC6,0.02
SIAH2,0.02
SH3GL3,0.02
HERPUD1,0.02
PSMA7,0.02
LOX,0.02
CP,0.02
SLC6A16,0.02
SOX9,0.02
GCK,0.02
ANXA1,0.02
ATXN1,0.02
TIPARP,0.015
HSP90B1,0.015
UTP11,0.015
SRD5A3,0.015
INSIG1,0.015
HYOU1,0.015
SAT1,0.015
PLAC8,0.015
MET,0.015
NR4A1,0.015
B3GNT4,0.015
PPAT,0.015
KDR,0.015
SLC2A5,0.015
JUN,0.015
MRGBP,0.015
LEP,0.015
KRT7,0.015
FBP1,0.015
BIRC2,0.015
FTL,0.015
LDHB,0.015
EGLN3,0.015
IGFBP3,0.01
CITED2,0.01
RELA,0.01
PROK1,0.01
SDC1,0.01
SLC3A2,0.01
PSMA3,0.01
AKAP12,0.01
PGM2,0.01
PGAM1,0.01
ENO1,0.01
CCN1,0.01
TGFBI,0.01
RRP9,0.01
PFKFB3,0.01
ECE1,0.01
NEDD4L,0.01
EDN2,0.01
HDAC1,0.01
ADM,0.01
BNIP3,0.01
LRP1,0.01
BGN,0.01
HAS1,0.01
FKBP4,0.01
BATF3,0.01
COL4A5,0.01
PNRC1,0.01
CDKN1C,0.01
CNOT7,0.01
IGF2,0.01
AK3,0.01
RIOK3,0.01
RLF,0.01
UGP2,0.01
JMJD6,0.01
TGFB3,0.01
SERPINE1,0.005
ZMYND8,0.005
ANXA2,0.005
CAV1,0.005
PDGFB,0.005
ANKZF1,0.005
CA9,0.005
SLC16A1,0.005
DDIT3,0.005
ENG,0.005
KLF7,0.005
OLFML2A,0.005
ALDH1A3,0.005
FAM13A,0.005
FOXO3,0.005
FGF3,0.005
PPARGC1A,0.005
B3GALT6,0.005
COL4A6,0.005
PLOD1,0.005
DR1,0.005
KCTD11,0.005
EFNA3,0.005
ELF3,0.005
MRPL15,0.005
LXN,0.005
LONP1,0.005
MRPL13,0.005
MMP7,0.005
NDST2,0.005
NDST1,0.005
MAD2L2,0.005
MAP3K1,0.005
NCAN,0.005
NAP1L1,0.005
ILVBL,0.005
IGFBP1,0.005
ID2,0.005
IRF6,0.005
HEY1,0.005
WSB1,0.005
VEGFA,0.005
SDC4,0.005
UMPS,0.005
QSOX1,0.005
TUBB6,0.005
PSRC1,0.005
RNASE4,0.005
PTGS1,0.005
TH,0.005
TES,0.005
SPAG4,0.005
SLCO4A1,0.005
HK2,0.005
GBE1,0.005
PDK1,0.005
PGM1,0.005
LDHA,0.0
MXI1,0.0
ANKRD37,0.0
GLRX,0.0
SIN3A,0.0
SIRPA,0.0
SLC6A10P,0.0
SLC6A8,0.0
SULT2B1,0.0
TFRC,0.0
TGFA,0.0
PSMD9,0.0
RNASEL,0.0
SAP30,0.0
SDC2,0.0
SDC3,0.0
TMEFF1,0.0
TNIP1,0.0
TUBA1A,0.0
UPK1A,0.0
VEGFB,0.0
PGF,0.0
PPFIA4,0.0
RRAGD,0.0
TNFAIP3,0.0
TPD52,0.0
ACOT7,0.0
AHNAK2,0.0
AK2,0.0
ALDH1A1,0.0
HIF1A,0.0
HLA-DQB1,0.0
HLA-DRB1,0.0
HMOX2,0.0
ICAM1,0.0
ITGA5,0.0
KDELR3,0.0
KIF4A,0.0
KRT14,0.0
KRT19,0.0
LGALS1,0.0
LRRC42,0.0
MAP4,0.0
MAP7D1,0.0
MMP13,0.0
MMP2,0.0
MUC1,0.0
EGFR,0.0
EGR1,0.0
ENO2,0.0
ERO1A,0.0
ETS1,0.0
GPC3,0.0
HMOX1,0.0
IGFBP5,0.0
KLF6,0.0
KLHL24,0.0
PAM,0.0
NFKB1,0.0
NFKB2,0.0
NOL3,0.0
NOS3,0.0
OPN3,0.0
ORAI3,0.0
PDGFRL,0.0
PGAM2,0.0
CYP1B1,0.0
DAAM1,0.0
DCN,0.0
DSC2,0.0
ELL2,0.0
ENPEP,0.0
EXT1,0.0
FABP5,0.0
FAM83B,0.0
FLNB,0.0
FN1,0.0
FUT11,0.0
GAA,0.0
GALK1,0.0
GJA1,0.0
GNAI1,0.0
GRHPR,0.0
HAP1,0.0
HBP1,0.0
HCFC1R1,0.0
THBS2,0.0
ALDOB,0.0
ANG,0.0
ARTN,0.0
ATP7A,0.0
BBX,0.0
BCOR,0.0
BNC1,0.0
CADM1,0.0
CALD1,0.0
CAVIN3,0.0
CCN2,0.0
CHST3,0.0
COL5A2,0.0
CORO1C,0.0
CTSD,0.0
PNN,0.0
PPP1R15A,0.0
NR3C1,0.0
PIM1,0.0
PLAUR,0.0
ATF3,0.0
CA12,0.0
CAVIN1,0.0
CCN5,0.0
CDKN1A,0.0
COL5A1,0.0
DPYSL4,0.0
PRDX5,0.0
VHL,0.0
VIM,0.0
SLC2A1,0.0
FAM162A,0.0
YEATS2,0.0
TPI1,0.0
NDRG1,0.0
ZFP36,0.0
P4HA2,0.0
