Patient ID,OS_months,Event,Score_BreastHypoxia,Score_BreastRS,Score_Toustrup,Score_lambda_min,Score_lambda_1se
TCGA-4P-AA8J,3.35,0,-0.08483734948971297,-0.051545020514337465,0.07801828820314621,0.12971370554531064,0.04124612966696155
TCGA-BA-4074,15.18,1,-0.06770232462853562,0.4890731328492738,0.5619521851039407,0.7242657403019142,0.502449129695265
TCGA-BA-4075,9.3,1,-0.06348918059985274,-0.21849532382877934,1.037932338185239,1.3300837522150515,0.6271980567077464
TCGA-BA-4076,13.63,1,-0.40612179730793974,0.050853643854900536,1.2416462455863144,0.8197195392702259,0.5014763960322873
TCGA-BA-4078,9.07,1,0.014209352716550272,0.6950550001831676,-0.4556188340710878,-0.33420938961490815,-0.13025475159358843
TCGA-BA-5149,26.48,1,-0.5068176660956535,0.30238286703507866,0.5314699753293388,0.6750954476091411,0.3751404129475713
TCGA-BA-5151,23.72,0,-0.10159096818562986,-0.4809164558618974,-0.7660204633058058,-0.3059691865103691,-0.17126031151685078
TCGA-BA-5152,42.31,0,-0.323219370006525,0.22477231334201367,-0.794279112703833,0.36255803641330187,0.016529139300772787
TCGA-BA-5153,57.88,1,0.27060551552097895,0.6174903008797019,-0.46626181608305384,-0.9560607108493822,-0.5943693410878712
TCGA-BA-5555,17.08,0,0.5305298976396967,0.059614936990471906,-0.7495847557066504,-0.3696385167378856,-0.20274360461877822
TCGA-BA-5556,23.82,0,0.0017842390755833841,-0.22188605057937252,-0.16696642357120886,-0.22962618621559872,-0.07127976237220648
TCGA-BA-5557,20.47,0,0.10658873902394904,-0.8825242765095028,1.2900434703506567,0.6626940158314243,0.5223793446142075
TCGA-BA-5558,65.54,0,-0.10219512189470388,-0.2039047523160668,0.04473107706616697,-0.18405877595862818,-0.09284456507602197
TCGA-BA-5559,68.43,1,0.31463265773617055,0.777180822142218,-0.7544003237966233,-0.35366201611008874,-0.2605624976284738
TCGA-BA-6868,15.51,1,-0.1403399465869981,-0.46098104516487054,0.8836871267165843,1.1362961930604862,0.6019988624461207
TCGA-BA-6869,21.16,0,0.19307389835420585,-0.2601545340956316,0.42323034004749666,-0.25099230119796945,-0.19954952135085302
TCGA-BA-6870,14.82,1,-0.07015517028551096,-0.0831879382488063,0.23541767894409224,0.18849811999855523,0.1377452175767029
TCGA-BA-6871,3.55,1,0.3948849838559444,0.3611507918862728,0.21918687704966527,0.14424069708110732,0.06598078938033392
TCGA-BA-6872,12.61,1,-0.016827709163758035,0.1606021491606463,0.2607717027775596,0.3983829703533524,0.19710034461518153
TCGA-BA-6873,4.01,0,-0.4129532844160264,0.3421989263841607,0.06501727571665358,0.2498783743256101,0.12324743108482325
TCGA-BA-7269,41.82,0,0.40476242921861605,-1.0508702582897294,0.07092446801603629,0.3013794105845282,0.07444360686980461
TCGA-BA-A4IF,29.4,0,0.1605484713853651,-0.22105347207184703,0.7794915363231647,-0.2228359898754463,-0.09197596033316209
TCGA-BA-A4IG,28.09,0,0.3428471768108791,0.8157127599898624,0.3765758508599154,-0.49699070938338474,-0.12662193958055248
TCGA-BA-A4IH,20.43,0,0.8230036351874699,1.1308258484883638,-0.5633978956815858,-0.12318121098225969,-0.34159875509942167
TCGA-BA-A4II,30.16,0,-0.04790705111898802,0.0038431576567076234,0.5897912724368201,-0.19048247815682762,-0.07459402155772385
TCGA-BA-A6D8,27.92,0,-0.012429112588753902,0.38641559885481813,-0.9164272160492682,-0.23939596908993327,-0.04599388705202218
TCGA-BA-A6DA,11.53,0,-0.14523968903239898,-0.6869367207343096,2.0407634230646714,-0.1442785275946512,0.2071122694250512
TCGA-BA-A6DB,7.1,0,0.14768399259599535,0.040485583747751165,-0.5229525477003301,-0.3831201433227624,-0.21221727959709172
TCGA-BA-A6DD,5.68,1,0.03900204597718846,0.0636263399085911,0.2903322451301833,0.17882396719822682,0.03855886374512684
TCGA-BA-A6DE,14.45,0,-0.122245015142263,0.17558780514593889,-0.5443791033249802,-0.4864502070964127,-0.29819072787410966
TCGA-BA-A6DG,2.27,1,0.07153774537753484,-0.4362836549544254,0.7164658597910332,0.6254468086950754,0.45230899874133373
TCGA-BA-A6DI,11.04,1,0.613103518302679,-0.3312289680809554,0.30565084528733516,0.08833826977003462,-0.03177945841517457
TCGA-BA-A6DJ,13.37,1,-0.4725285280588797,-0.2506399381558033,-0.04177114991619993,0.4434810582305331,0.0979869822854604
TCGA-BA-A6DL,20.47,0,-0.35982855949877224,-0.07930412395397181,-0.4515962480108054,-0.560079645334666,-0.3689699960748868
TCGA-BA-A8YP,16.39,0,-0.10322623234550911,-0.02478563468112325,-0.4969230730949673,0.10145619188556822,0.09325986441522918
TCGA-BB-4217,6.14,0,0.4117427787519866,0.14347473395686094,-0.2593453727529494,0.12838584701725061,-0.0830211895663098
TCGA-BB-4223,105.81,0,0.20819250266124265,0.9004292389104497,-0.35312590844595954,-0.6231709981061289,-0.3155816420506382
TCGA-BB-4224,9.13,0,-0.4371983541027615,0.6194182409697017,-0.4514969235564043,-0.6430497603773476,-0.40834060228393787
TCGA-BB-4225,4.8,0,-0.18911271368225452,0.7613074144078747,-0.284467708491506,-0.5674933602338437,-0.4739385447922929
TCGA-BB-4227,4.4,0,0.11497299287705706,0.3537163727002776,0.895051820055451,0.5378542366687952,0.20638335029081467
TCGA-BB-4228,18.36,0,0.11062502709014425,1.0316685329475737,0.4481430396068267,-0.06078899770115968,0.10267552409105114
TCGA-BB-7861,22.4,0,0.44151097545127127,0.9869177574786764,-0.31417977166865974,-0.17908635860774574,-0.0727892809972573
TCGA-BB-7862,36.7,0,-0.00248183453224287,-0.5204787052267168,0.626558171051744,0.33910605633823065,0.12046600848011943
TCGA-BB-7863,33.67,0,-0.23784838972683583,0.18325791256223153,0.04442914478255199,-0.527993718951077,-0.1874674080693173
TCGA-BB-7864,50.16,0,0.3947077035252704,-0.5771690614978211,0.6180997673620745,-0.5406881402583947,-0.1885648050293746
TCGA-BB-7866,44.94,0,0.4961277529188455,1.1120288109729555,-0.5047704865956368,-0.3463040828011745,-0.27582848740621285
TCGA-BB-7870,66.23,0,0.007724597473816371,0.21805625531083084,0.6264178038182773,-0.41363768409861806,-0.11448240234348524
TCGA-BB-7871,24.64,0,0.021643749395059184,-0.5178479284764819,-0.137809781697933,-0.06482481817038906,0.011042578581854085
TCGA-BB-7872,38.37,0,-0.29396466622033135,-0.4319220088678038,0.1952993272444991,-0.8621982917932012,-0.44543671238928106
TCGA-BB-8596,70.99,0,0.24179661063052413,0.3068288506125588,-0.4447396575375707,-0.26810338630460623,-0.20003126191160758
TCGA-BB-8601,20.5,0,-0.07701748127076027,0.21068874817247885,0.5513983193950484,-0.22581450073695641,0.09402620265075018
TCGA-BB-A5HU,25.69,0,-0.33852754657591116,-0.1415910201208122,0.9857866418632751,0.17528774181084503,0.17862793112238046
TCGA-BB-A5HY,10.55,1,-0.3795117546316336,-0.009414963190154458,-0.061154474017884534,0.969429942073074,0.47571622046718787
TCGA-BB-A5HZ,27.17,0,-0.3463974312490557,-0.4439110948445873,-0.2681506605137248,-0.36841688353693625,-0.09112192041679588
TCGA-BB-A6UM,12.91,0,-0.002573319074908667,0.8995528487662019,-0.6489793884138231,-0.11503291158962735,-0.24380355211787005
TCGA-BB-A6UO,8.8,1,-0.09495026482640641,-0.27314741269232073,0.4281184388338913,0.5196116246537476,0.21249187515688187
TCGA-C9-A47Z,6.27,1,-0.23125487028876743,-0.1801446012874548,0.8205585587802916,0.570628061584754,0.3772991660876972
TCGA-C9-A480,12.68,0,-0.36266350752718046,-0.20150822213946643,-0.06779416956953337,-0.4251208598988648,-0.1290911198186464
TCGA-CN-4722,48.72,0,0.3332135894389794,-0.5120947474907616,-0.07227819351641089,-0.6506365773462015,-0.18344847370336673
TCGA-CN-4723,55.81,0,0.5954529690081011,0.026473798049005213,0.8090618305367895,0.35630948821196967,0.21534472392565912
TCGA-CN-4725,38.01,0,-0.4711982104084606,0.1427001811792204,0.24303696472718386,0.15304069876923265,0.09341907401935176
TCGA-CN-4726,4.66,1,-0.20039839743029114,-0.510055430190911,1.0588321020932747,0.6862103520696161,0.4864376356193507
TCGA-CN-4727,51.25,0,0.06944537931935357,0.3714845673588799,0.362060859407634,-0.4224386898874358,-0.13764474211651806
TCGA-CN-4728,56.64,0,0.25014637498235504,-0.325253831442554,0.0327047307635726,-0.06179563715001145,0.05937539281183332
TCGA-CN-4729,12.88,0,-0.04618325972748335,-0.07482159757822386,0.19551392248719318,0.11217747625349052,0.05026820891568159
TCGA-CN-4730,26.84,0,-0.2890796017400546,0.33568248613512197,0.25574312969522844,-0.45848563686513755,-0.15071787765898423
TCGA-CN-4731,32.79,1,0.49407569535301604,-0.07170017379392468,1.3597739324590745,0.7197931714910841,0.31459216653333844
TCGA-CN-4733,52.1,0,0.14435709925582202,0.04593092165729892,-0.4540872539516337,-0.2715618177877438,-0.12256930210057354
TCGA-CN-4734,55.52,0,-0.12078727981416941,-0.30144714123488453,0.5454830588138011,0.09371096833803233,0.18883866468843297
TCGA-CN-4735,57.06,0,-0.09089374473825176,0.4332535796903111,0.31959910763669264,-0.06612422385530514,-0.1275730207258886
TCGA-CN-4736,12.98,1,0.03891459070652666,-0.28171936834954303,-0.4640903009390772,-0.25136455147564507,-0.17545943526097302
TCGA-CN-4737,20.53,0,-0.022692413551770155,-0.048894963619535055,-0.2959820347991439,-0.0625875311773831,0.07206492536706548
TCGA-CN-4738,14.32,1,0.42919299141812434,-0.43260372711035056,0.5122625377833318,0.17892925259139772,-0.05482971753494484
TCGA-CN-4739,45.8,1,0.2657702660700372,0.20635602595190677,-0.39405698469667594,-0.4891563845404288,-0.3102953514065582
TCGA-CN-4740,27.56,1,0.2136061304156743,-0.11545970792640077,-0.038396033104271005,0.10029300443469873,0.06717595409051576
TCGA-CN-4741,73.55,0,-0.1018471774844948,0.5122798358869279,-0.40113761103896267,-0.7116805603139091,-0.3456973631857468
TCGA-CN-4742,13.04,1,-0.06250837995865981,-0.1981000150725549,-0.2626739558589049,0.154031076821654,0.06139581971051352
TCGA-CN-5355,41.98,0,-0.12927148586759224,-0.24637917350154911,-0.09093945985868068,0.06492233690868426,0.0631438271992806
TCGA-CN-5356,46.29,0,0.08677795598922027,-0.04022778955154287,-0.46977888009578367,-0.18265868391766565,-0.2267426799029048
TCGA-CN-5358,8.57,1,0.21046419442416386,-0.11715031340405059,-0.7185036999143387,-0.5165779223151638,-0.2326430755049932
TCGA-CN-5359,12.39,1,0.006871445103318784,-0.022687347484593536,-0.4001132245316455,-0.001889289472226592,0.10867394878231987
TCGA-CN-5360,71.25,0,0.5799746994250571,-0.0320706117210987,-0.5570440824364523,-0.5500299262854438,-0.39008905659142334
TCGA-CN-5361,69.65,1,-0.16351689391710886,0.2854050461002056,-0.15031373216575278,0.2177342571417413,0.021836695356025795
TCGA-CN-5363,8.31,1,-0.20731919082337047,0.07514061987912003,0.42830977581288177,0.507921643047385,0.24802844052789189
TCGA-CN-5364,16.2,1,-0.1474232464004323,0.42451245299888835,0.3997415238392232,0.40025265050425896,0.09653906356326057
TCGA-CN-5365,11.53,1,-0.1731339824833069,0.20660876219980406,0.7431753769615428,0.6057659759770999,0.31716543229321836
TCGA-CN-5366,11.83,1,-0.16592044982706822,-0.09146245242942884,-0.012646981249014198,0.5277513652441963,0.19977572248824826
TCGA-CN-5367,11.56,1,-0.18053110947918952,0.3800648390998186,-0.6029756334249856,-0.06254334222731198,0.08113925654071544
TCGA-CN-5369,12.48,1,0.2754490258953455,-0.216049272339568,0.19732273831070088,0.22542929589261534,0.08546027353431078
TCGA-CN-5370,8.51,1,0.061714045161012726,-0.07151674711817696,0.28418239351872104,0.09147776723626673,-0.018257786460628762
TCGA-CN-5373,52.04,0,-0.10963529914898727,-0.6620198710545216,0.7209738682676403,-0.35634342992085405,-0.05935123465995769
TCGA-CN-5374,56.9,1,0.2063815446917396,0.703405335656587,-0.5229206269817541,-0.784583455843482,-0.568916807352824
TCGA-CN-6010,50.03,0,0.5995818015079933,0.08720608579439544,-0.004199009942643782,0.40476192361458657,0.2363899988897373
TCGA-CN-6011,30.65,0,-0.4352693972186407,-0.4066703879776781,0.8742335272782047,0.1821546416311076,0.19779441492263114
TCGA-CN-6012,47.96,0,0.705863829247861,-0.0139947006695434,0.24057753725746472,-0.06745002842747956,0.00567174759141097
TCGA-CN-6013,23.88,1,0.05528272836416913,-0.4029495564065501,-0.12873499191061868,0.4128674856255727,0.17508340698249605
TCGA-CN-6016,47.4,0,-0.29863719494709084,-0.8039236652248689,0.28325561219144907,-0.3354319890319681,-0.11568632156029734
TCGA-CN-6017,28.02,1,0.3214925926206954,-0.18756007540528347,-0.58978612233633,-0.18196961693965547,-0.20000359922818628
TCGA-CN-6018,19.05,1,-0.11810792948973997,0.025267148570366767,0.6029699922164186,0.9607978036376197,0.6098258833079121
TCGA-CN-6019,34.1,0,0.5549595139775897,-0.9198826191369537,-0.275432530445032,-0.021263225092360494,-0.01807510843627016
TCGA-CN-6020,6.73,1,0.07033736953852833,-0.4953244264826167,-0.39541281811856865,-0.04230841893200328,-0.08479640202403071
TCGA-CN-6021,9.07,1,0.04079392207923975,-0.3909372848900048,-0.8643824375311778,0.04923844662602864,0.028875251164244213
TCGA-CN-6022,9.23,1,-0.04307094315563585,-0.21010235553802326,0.6697575084141943,0.22390395704006094,0.10835698104627338
TCGA-CN-6023,52.04,0,0.48075047902660323,0.22808641134368357,-1.4252960303218638,0.28712653193395604,0.014104800312327937
TCGA-CN-6024,11.07,1,-0.07303112923145168,-0.4650010020844562,0.8896977146196964,0.9984304748371335,0.6845059177908945
TCGA-CN-6988,10.45,0,0.002446617900813783,-0.12835208759880878,-0.6229192573024032,-0.6192554643855097,-0.36791165640515683
TCGA-CN-6989,32.19,1,0.24396690059130025,-0.34567440583633213,0.013000172356603012,0.4175251499175384,0.25456414561145835
TCGA-CN-6992,35.02,0,0.28553868574219615,0.1394445438672658,-0.2139200645238852,-0.2941528947775373,-0.14332523782313072
TCGA-CN-6994,38.86,0,0.2994710754004197,-0.6648948088871578,0.8089693164588513,0.08358143399680225,0.20742166650703125
TCGA-CN-6995,3.68,1,-0.20940965549008211,0.2697967080563883,0.7500629635298315,0.6594618697324239,0.26474250955230555
TCGA-CN-6996,17.41,1,-0.08894296862186712,0.06096566305960276,-0.36139784227228505,0.15545577633798177,0.045385038613401305
TCGA-CN-6997,32.46,1,0.6801620171996944,0.029158978345405064,0.6085909221942237,0.7767703466783871,0.25029157711581895
TCGA-CN-6998,11.73,1,-0.6235964148278426,-0.9214744583535277,1.1530490846424581,0.29098596116308345,0.19473866406350285
TCGA-CN-A497,34.99,0,0.3072752237253114,0.18734886897859246,-0.48509893898135914,-0.8302254352251566,-0.3140612109343497
TCGA-CN-A498,25.39,1,0.3756446037359387,-0.4958736581539381,1.0207838096507564,0.2898634447368013,0.17676090925650573
TCGA-CN-A499,23.55,0,0.14334208502102877,0.5097499892693468,0.3512483969425703,0.18247379457531515,0.14158355010441
TCGA-CN-A49A,17.28,1,0.4177092470745416,0.04840900953017702,0.12387346898489195,0.11703165554643215,-0.03172749203461407
TCGA-CN-A49B,29.7,0,0.4405231033864616,0.16360440110391813,-0.01258299133551831,0.3901303193245812,0.15348167385407857
TCGA-CN-A49C,21.19,0,0.11007952593701588,0.8765410385547892,0.3286884398893462,-0.21721667532901415,-0.2713532816882137
TCGA-CN-A63T,7.39,0,0.4748940885911711,-0.14897525615462065,-0.09941625479944154,0.2264228276145359,0.11192275824248515
TCGA-CN-A63U,31.67,0,0.1460929412688499,0.563995470816155,-0.5670542925227635,-1.017941274547358,-0.5511897084493103
TCGA-CN-A63V,22.31,0,0.002499441682434383,-0.18684481377678902,0.5068297646774286,-0.17241294030814044,0.05427841170990706
TCGA-CN-A63W,12.39,1,0.17361134210261994,0.004478439527693827,0.952224296796512,0.1355477194592612,0.21013481517948213
TCGA-CN-A641,12.06,0,0.2857257100693524,-0.031423838658841054,-0.8871934243942863,-0.42609458599915095,-0.3299217454420998
TCGA-CN-A642,2.69,1,-0.13113252111236934,-0.012936426537108085,0.06508145506673323,0.29163025795897535,0.18410802349000358
TCGA-CN-A6UY,23.42,0,-0.3533636160866192,0.7730288354118515,-0.5402846217342095,-0.6580834050384025,-0.3153015258595471
TCGA-CN-A6V1,19.81,0,0.09690865396206033,0.8387800903560625,-0.6486756210283617,-0.659691469182141,-0.39326609211270935
TCGA-CN-A6V3,24.38,0,0.13541785568732748,-0.13950549473567728,0.576464481578923,-0.2479540519220639,-0.08519713266548018
TCGA-CN-A6V6,20.86,0,0.22021326916545184,0.6753132631735005,-0.6290812598075024,-0.1023970125735496,-0.2241426522390246
TCGA-CN-A6V7,19.51,0,0.4431592549464023,0.9076400750739951,0.375261989371112,-0.0332744347275828,0.02535168087832351
TCGA-CQ-5323,48.16,0,-0.08238759180377297,0.632353698106687,-0.4277682030595172,-0.8766270732057082,-0.3511380215514544
TCGA-CQ-5324,52.33,0,0.13646632650744916,-0.65713006168307,0.2793222682087877,0.28886364572070344,0.21695339128414373
TCGA-CQ-5325,21.48,1,-0.007359186931599102,0.0043469033609177645,-0.3859201593991683,0.09535301239205007,-0.009992268418487793
TCGA-CQ-5326,2.92,1,-0.2358082933204035,0.14041505926341508,-0.034583296057725345,1.0249143737892055,0.5243250848023622
TCGA-CQ-5327,54.53,0,-0.2162964081567237,-0.06614742960521107,-0.4613310754451622,-0.07197926705829262,-0.12723951610268525
TCGA-CQ-5329,70.4,0,-0.2363896166450805,-0.039283757401938416,-0.4062722019778969,-0.2270791647274283,-0.123610253898487
TCGA-CQ-5330,62.32,0,-0.1306876099818701,-0.41780539286942703,-0.5595366472429166,-0.044708003527563746,0.016274388486522125
TCGA-CQ-5331,45.96,0,-0.1309435696281412,-0.13510413315558217,-0.497397729797944,-0.295746303228144,-0.13099488763498154
TCGA-CQ-5332,10.41,1,0.04306689844940994,-0.03878785000440162,0.522276323296147,0.13814088042112643,0.10111418813381262
TCGA-CQ-5333,11.2,1,-0.2055436265865052,-0.13591982108011658,-0.5804017281690673,-0.025195847585713166,-0.0688043298131447
TCGA-CQ-5334,4.24,1,-0.4964481506772416,-0.05040077087147504,-1.0065917769287507,-0.09052811042723428,-0.11711470714348722
TCGA-CQ-6218,41.16,0,0.346713537861088,-0.08958353311202168,0.2846991253672729,0.3821325203136596,0.19034655221882557
TCGA-CQ-6219,15.74,1,-0.013339143368451304,0.2525614416601596,-0.8011550423589923,0.5333008195348771,0.24035214307934655
TCGA-CQ-6220,32.36,1,-0.3779861710364202,-0.2835453818380734,0.38291233166679367,0.14404497938025593,0.10182894846246782
TCGA-CQ-6221,32.85,0,0.006455232272323318,-0.12390583397853029,-0.8758386225407124,-0.47941328377547615,-0.06081744103106302
TCGA-CQ-6222,66.23,0,0.14699608879652204,0.19715259838680163,-0.49633723909747984,0.05080800504384099,-0.11257546554111907
TCGA-CQ-6223,46.91,0,-0.42832554108712534,-0.4589059086677471,-0.470863926149993,-0.536820976203895,-0.27452952924608454
TCGA-CQ-6224,56.54,0,-0.23312015131050362,-0.39066866255957117,0.19881512068013807,0.5769669727598126,0.3868822876132988
TCGA-CQ-6225,13.24,1,0.12765065656052751,-0.30823180937672706,0.7164893859210029,0.26363911178982524,0.17405729116576826
TCGA-CQ-6227,4.24,1,0.034712298710505816,-0.18241770828622952,-0.26460911824502437,0.37290886391955513,0.020928561426221334
TCGA-CQ-6228,14.98,1,0.195726644877222,0.12537803443262757,1.6129526618767918,1.326568426749656,0.7009558927717756
TCGA-CQ-6229,38.73,0,-0.3380839700180757,-0.35022622465637065,-0.28764554696610034,-0.2918575831988281,-0.11830243690257358
TCGA-CQ-7063,70.07,0,-0.5079388643220022,-0.3814651121586501,-0.18621053623982414,-0.276780053025813,-0.141634773900175
TCGA-CQ-7065,53.48,0,-0.6945650224099502,-0.4319228839298949,-0.36975631941928594,0.06919646523214618,0.07573953707400252
TCGA-CQ-7067,16.72,0,0.14027424761882387,0.09461248910989427,-0.5362311159141421,-1.0782361114442562,-0.49652194630395935
TCGA-CQ-7068,43.0,0,-0.42260473951238825,-0.17041987577832918,-0.7852807866421919,-0.5825721732340956,-0.22510548492257682
TCGA-CQ-7069,41.85,0,-0.49997520664226397,-0.9893026290362038,-0.17789122049436165,-0.21438751654405291,-0.0036226033108959755
TCGA-CQ-7071,43.07,0,-0.32460210458159666,-0.3603217715579401,0.7705557908361628,0.33623544963592816,0.1764769707816013
TCGA-CQ-7072,77.5,0,0.40061544210489514,-0.560494124628457,0.04053471586977591,-0.002525510149922004,-0.06521202538701391
TCGA-CQ-A4C6,44.45,0,-0.4701735545819821,-0.15599489754955595,0.382776003548012,-0.0018471047301568157,0.1362312081899274
TCGA-CQ-A4C7,11.6,1,-0.18118129827799914,-0.5421322349357982,-0.09685051065817911,0.027830093471622075,0.1323545736424544
TCGA-CQ-A4C9,23.23,0,0.23363027824203567,-0.10591961716790282,-0.8385040872099175,-0.431594861296509,-0.21185882479315016
TCGA-CQ-A4CB,29.34,0,0.3201771112505444,0.38467842206977054,-0.3178073090527792,0.22862932633495667,0.07535607121889214
TCGA-CQ-A4CD,33.57,0,-0.5072219154151567,-0.05918009157057559,-0.0033407494773996125,0.31841118751946895,0.263195065811215
TCGA-CQ-A4CE,29.47,0,-0.20251065468102317,-0.35472027066477474,-0.3402819737135468,-0.7230804972559802,-0.1881734264800627
TCGA-CQ-A4CG,14.13,1,0.40063768027932656,-0.41932767108144686,0.9596690940129126,0.37797376651143577,0.31771103684394414
TCGA-CQ-A4CH,12.45,1,-0.5403111644040226,0.059350066186367616,-1.1675692517022762,0.07119501698278867,-0.0435858195082669
TCGA-CQ-A4CI,31.21,0,-0.3177428616688343,0.5058818025173729,-0.2254803052988276,0.0013833328599875713,0.1815266606583356
TCGA-CR-5243,84.17,0,0.052473474287780895,0.8245977642160052,0.27008933393587786,-0.6990161760757525,-0.1624585971021327
TCGA-CR-5247,11.76,0,-0.34740198090236657,-0.5051363267116792,1.4811699025469716,0.10124644905424325,0.3085920149338515
TCGA-CR-5248,54.63,0,0.07786780813440904,0.8637373187442088,-0.44602891898700614,-0.5844065676845749,-0.4475081082408457
TCGA-CR-5249,37.84,0,0.25014600482790683,0.7869650483684474,0.8710184511775598,-0.3757871419483432,-0.21872511290037902
TCGA-CR-5250,26.25,0,0.021811401900859256,0.5685110077546034,-1.124713201795413,-0.6899451350721713,-0.38386509535270097
TCGA-CR-6467,58.38,0,0.33843939066912343,0.876139835884607,0.11720159601061432,-0.7804274109226836,-0.44807283625755284
TCGA-CR-6470,49.97,0,0.6367446813471641,0.8705092049213095,-0.1670772786963441,-0.6370779068276957,-0.28577343039343167
TCGA-CR-6471,39.49,1,-0.05241821175511151,0.503651776646113,-0.40222843151802334,-0.5437783020752031,-0.2645394065383962
TCGA-CR-6472,34.49,0,-0.025125218850649136,1.1023570474147446,-0.4357148933744967,-0.40150287832456766,-0.18720030098036167
TCGA-CR-6473,36.96,0,0.800054095906845,0.97049446890542,0.4688376829172109,0.40235907270553284,0.4387312640283862
TCGA-CR-6474,18.53,1,0.24227726279620815,-0.5088091769806783,-0.1953224824628836,0.43967507568446357,0.18262317327962044
TCGA-CR-6477,16.89,0,0.07262037328899977,-0.03432366318011458,0.5831269789943611,-0.011812999654542928,0.17789759868087737
TCGA-CR-6478,6.01,1,0.2949771543005459,0.4114819527871965,0.5804676866496004,0.7490946311068413,0.297622062681146
TCGA-CR-6480,11.89,0,0.44531035725130375,0.3462475086359092,-0.5568307437662638,-0.43117135635279086,-0.40641723234815275
TCGA-CR-6481,10.22,0,0.23922992184409927,0.6544797969273648,0.31554985083525056,-0.07614914615546511,-0.17847809169043483
TCGA-CR-6482,11.33,0,0.5604174426009094,0.6303277004596233,-1.0543162828507908,-0.3755718824914256,-0.42526204499874326
TCGA-CR-6484,11.63,0,0.009757479199277714,-0.10821232229490871,-0.6234399551829273,-0.44157762997312955,-0.2041426104994953
TCGA-CR-6487,7.69,0,0.3693598651620686,0.6868618639022857,-0.8160611027061749,-0.4366624146559192,-0.3248992546522583
TCGA-CR-6488,12.45,0,0.2422710753395099,-0.4489024791074052,-0.3857611514919783,-0.38927265882076234,-0.15857017284312117
TCGA-CR-6491,22.77,0,-0.3130112642424562,-0.10705518748106567,0.961442171168764,0.08236636939330609,0.18978796866401845
TCGA-CR-6492,15.74,0,0.44720578723339305,-0.5083122704991753,-0.39665938080465357,0.018851965858858132,-0.06158266772572516
TCGA-CR-6493,9.26,1,-0.6336127389837873,0.12187180204620174,0.9151707099506644,0.5764628492162526,0.29785495971303116
TCGA-CR-7364,47.14,0,0.49358173555257845,-0.028489736242310843,-0.3605718647500797,-0.08260299138284613,-0.11217146508638454
TCGA-CR-7365,39.13,0,-0.07174863888818236,-0.39026654087789847,0.34890047128934176,0.18424144029240963,0.20758488242497367
TCGA-CR-7367,47.31,0,0.3369208112397197,-0.27901232346789434,0.3619343763229612,-0.3266771780413341,-0.05402393674146502
TCGA-CR-7368,40.9,0,0.21222741325743344,0.8171329999051219,-0.17778759092535218,-0.4789228156694021,-0.27512884831765827
TCGA-CR-7369,35.81,1,0.22407164862858236,0.6302904515916957,-0.01727680476078122,-0.32277141911916557,-0.21687045779649503
TCGA-CR-7370,3.45,0,0.550724701899357,0.12913552420706514,-0.31224194479151063,-0.5212785783003856,-0.15344871069713956
TCGA-CR-7371,3.09,1,0.5836029789027747,-0.09722249844570115,-0.09234337873599398,0.19712111238355423,-0.0006949242280652642
TCGA-CR-7372,24.93,0,-0.23848373166398468,-0.582790688266937,-0.6618013279192398,-0.5805691861013678,-0.3100397478506071
TCGA-CR-7373,29.2,0,-0.2178694107034816,-0.40422228320005527,-0.10435425889891102,0.10213145205235083,0.21980771990419468
TCGA-CR-7374,0.99,0,0.4249309738074271,0.2175150497155881,-1.2362349128553562,-0.14143099282343682,-0.19317720688988363
TCGA-CR-7376,31.93,0,0.45517257492497554,-0.1676134686459499,-0.6441559922820536,-0.5039987136908517,-0.24552984146999823
TCGA-CR-7382,26.15,0,-0.08362810916357036,-0.1352435004567479,-1.3300450366887515,-0.16942116328482035,-0.17868074078937887
TCGA-CR-7383,17.12,1,0.18292273064511314,0.5064793929336101,-0.3479075001509411,-0.07121911491111803,0.051608065841574575
TCGA-CR-7385,32.75,0,0.3006692401355864,0.8695311222666459,-0.3819449885964359,-0.3949794672969736,-0.36768555361526684
TCGA-CR-7386,46.98,0,0.12321977180877085,-0.3396885737013173,0.5750466535393032,-0.06135094208790519,-0.04826493052435095
TCGA-CR-7388,27.04,1,0.26968401943114206,0.07751487173760817,-0.029620173947575275,0.19272077381629743,0.022336366472544295
TCGA-CR-7389,12.88,0,0.2839182261335691,-0.6024629463341243,0.21826645349816978,-0.7334645830646718,-0.34172001142833164
TCGA-CR-7390,49.54,0,-0.21446523756061192,-0.14624167961365395,0.48732431078323546,0.300895947186765,0.0988154343813461
TCGA-CR-7391,29.99,0,0.27029495548687543,-0.5132431776674136,-0.3037675869245605,-0.5445037674923355,-0.28925656443185854
TCGA-CR-7392,46.81,0,0.21875714843581381,-0.19643709811620708,-0.04905728510628091,-0.19284075810761664,0.033521745464630506
TCGA-CR-7393,32.62,0,0.3667698706196502,-0.47127619392114317,-0.43970692454883487,-0.41843026870556194,-0.306308895463246
TCGA-CR-7394,44.22,0,0.14494968408381195,-0.528513643799223,0.20565427332159855,-0.36672787353788694,-0.13288291576650843
TCGA-CR-7395,30.55,0,-0.0377161696110143,-0.20643953676527696,0.06481402211438791,-0.4691779887214179,-0.12153828251732711
TCGA-CR-7397,24.77,0,0.009206978563072416,-0.31414586733838157,0.35091938891517543,0.2821494000362353,0.21070583043650687
TCGA-CR-7398,5.12,0,-0.031303806671087085,0.2965600964018181,-0.785802233539424,-0.17323165225581505,-0.1396185598889935
TCGA-CR-7399,5.95,0,0.1458832247801998,0.5690499727218048,-0.13882613381357345,-0.10732459252618966,-0.18617600846816254
TCGA-CR-7401,35.38,0,-0.1552597574498969,-0.5795879955425782,0.15416545026217027,-0.1829635154664648,-0.027497863167957753
TCGA-CR-7402,29.93,0,0.34816871370443275,0.048899929498992634,-0.002139840449459567,-0.7960005886888687,-0.45036385995785805
TCGA-CR-7404,48.36,0,0.47560461310585184,0.6987013899515925,0.0688310952861382,-0.5341231520117559,-0.291347077500204
TCGA-CV-5430,139.32,0,0.21278650642109867,-0.007379864276415257,-1.1891720273749065,-0.3131394881633695,-0.3180770263042001
TCGA-CV-5431,17.15,1,-0.022818159237968462,-0.020448705415237974,0.3998114069500391,0.06237572262731971,-0.006539663921729577
TCGA-CV-5432,129.11,0,0.3665564629720978,-0.04523676355203189,0.29558348482148317,0.032206679707499526,0.16493274024961457
TCGA-CV-5434,108.87,1,0.2194517318333206,-0.19885325594503275,0.0630424278425909,0.3169189547434257,0.22598642242075373
TCGA-CV-5435,76.18,1,0.5976123803950896,-0.8646380140416038,-0.035634588970524815,0.6518355391949087,0.3713137597847223
TCGA-CV-5436,19.19,1,-0.1950983392721566,-0.23980286885925167,1.1992524870143453,0.17727856269092765,0.17743177634820217
TCGA-CV-5439,17.94,1,-0.14986413144633698,-0.5192967840983751,0.8039556852887924,0.37437678316104894,0.22633797077649592
TCGA-CV-5440,107.42,0,-0.009162300893025669,-0.5577932761933755,0.793876971915134,0.40662494128498305,0.20373101188982093
TCGA-CV-5441,94.81,0,-0.3839046951024022,-0.2574935452008251,0.11435030843975595,-0.19039957314971462,0.012131689769925229
TCGA-CV-5442,76.45,0,-0.5753992168532882,0.45585439817703916,-0.4131975865167225,-0.7553997696286167,-0.25397166065634647
TCGA-CV-5443,91.46,0,0.13417566039185522,0.8728813529154491,-0.3141028084055,-0.2699433476375938,-0.1394350952279703
TCGA-CV-5444,80.06,0,-0.14237826489354097,-0.02574514868341967,-0.4626131767248005,0.03215190536405026,0.0236951769113049
TCGA-CV-5966,17.9,1,-0.5828566530937647,0.5086265095016005,-0.918468082792693,0.7409733375380648,0.21847796100733693
TCGA-CV-5970,13.34,1,-0.0756957604972808,-0.4151167545745637,-0.1325170381052713,0.09278261278674671,0.07390891794265061
TCGA-CV-5971,23.03,0,0.18985479800863975,0.09898940629371566,-0.5145200639081928,-0.04150710903913627,-0.09264446185668865
TCGA-CV-5973,86.76,0,-0.2606763557109032,-0.5720656456821642,0.5690740506523267,-0.5595307744720572,-0.3153130991672634
TCGA-CV-5976,48.55,0,7.180752988076439e-05,-0.16812657514981968,-0.20635755212350967,0.328931664276232,0.1723249019298563
TCGA-CV-5977,60.45,0,-0.6798159604354906,-0.023903646969392435,-0.08012809867596561,-0.16275511951627822,0.022274823045904425
TCGA-CV-5978,7.06,1,0.31720875650958724,-0.20808916313442813,-0.7293495675422624,-0.014803588298512006,0.06585220958311044
TCGA-CV-5979,43.2,0,-0.23177123670623878,-0.140423741681254,1.2670019386193248,0.03230822517663834,0.1291071443762781
TCGA-CV-6003,54.7,0,-0.06033184254234044,0.19092608235235298,0.6577857902891828,0.8623653594737952,0.49598600491209743
TCGA-CV-6433,21.06,0,0.20960219698399019,1.0353711605647242,-0.3454161900493042,-1.0255522018204177,-0.48085715344369556
TCGA-CV-6436,62.39,0,-0.38437356932720385,-0.04159294518224798,0.08602717530233048,-0.043925466446456035,-0.1575404055127264
TCGA-CV-6441,9.59,1,0.6880279213466062,0.0022679992859254727,-0.29349655158147264,-0.0639965639404997,-0.06461806354711762
TCGA-CV-6933,90.05,1,0.26535823680940734,-0.46296501456501504,0.2095673062810949,0.12140315384678059,0.11967013610496932
TCGA-CV-6934,2.14,1,0.37013968770152966,-0.4294831662650414,0.4659597782600606,0.14631935344418262,0.05764866206477569
TCGA-CV-6935,9.69,1,-0.10383075089941658,-0.8502650021334872,0.7569732585414273,0.7831084920115627,0.5101168901120628
TCGA-CV-6936,5.45,1,-0.21001593455825363,0.22167456707666622,-0.2935851373944545,0.1158032759696391,0.18984013860009932
TCGA-CV-6937,20.5,1,-0.26148252248591985,-0.708966332445835,0.24067969980213627,-0.39511405120387394,-0.11680741801513685
TCGA-CV-6938,4.73,1,-0.22519586230151925,-0.18070282743875987,-1.0432004666613741,0.05777854365291853,-0.08774254786144439
TCGA-CV-6939,21.88,1,0.49188326471107247,0.5653833211902385,-0.7075272120553352,-0.20358586816648028,-0.2761947913472934
TCGA-CV-6940,26.41,1,-0.1057509472208943,-0.11218244291481384,-0.048968065790674586,0.2919723550112319,0.1409148817243217
TCGA-CV-6941,11.24,1,0.10175662139869708,-0.18215294852746128,0.48972661068380013,0.1099858472503143,0.1646174264079212
TCGA-CV-6942,140.67,0,0.10676619184561936,-0.03102420151346589,-0.4665407109315191,-0.49281854561218347,-0.29075332120925257
TCGA-CV-6943,19.78,1,0.17818771397923397,-0.345755058384897,-0.18315469026610956,-0.36127448069375917,-0.1512407444084306
TCGA-CV-6945,12.02,1,-0.26950564969767865,-0.4044887860047563,1.3730057804482398,0.7081969196029076,0.45690127745882614
TCGA-CV-6948,42.35,1,0.338716597392357,0.15320831371083812,-0.15327767746507784,0.28943849118308823,0.09199777346314925
TCGA-CV-6950,15.08,1,0.22586421892178787,-0.23914684977529596,0.6512184465062233,0.4694947263099157,0.21465431485252587
TCGA-CV-6951,30.06,1,0.4892461521536829,-0.579636687700747,0.590889359878173,0.3214184959571986,0.2728425347904642
TCGA-CV-6952,6.08,1,-0.5056809018862066,-0.284169896211391,0.18291470664237086,0.5837523478254167,0.2233324545210099
TCGA-CV-6953,53.91,1,-0.1756662521890321,-0.8893460061853748,0.48973969608008794,-0.20527954667362047,-0.05572384413009688
TCGA-CV-6954,65.77,1,-0.32082147445770026,-0.7874106705797428,0.13211718470160824,-0.08270165507719231,-0.05697546517713475
TCGA-CV-6955,10.97,1,-0.329792901013198,-0.6117751710719332,0.17466307221817354,-0.18882099672599387,-0.13852096619314638
TCGA-CV-6956,7.13,1,-0.3352979768225444,-0.26230613936797204,0.09359210099414284,0.5316179025253563,0.13582479104909678
TCGA-CV-6959,8.41,1,0.11496846598168267,-0.15170141185305044,0.6960098559533117,0.6037197254347857,0.26042675436382823
TCGA-CV-6960,28.32,1,-0.038579717556610944,-0.11108364713844113,-0.15577529515365654,0.5321115150415946,0.10965256209354879
TCGA-CV-6961,2.5,1,0.31453791389501606,0.3000789205272395,1.3303561833422937,0.5674723487283829,0.28215432585097283
TCGA-CV-6962,4.14,1,-0.12782066473898535,-0.31354016887818803,0.48932263303591184,0.5907156561459695,0.3100320015213573
TCGA-CV-7089,64.78,1,-0.20896940308329495,-0.019650433058628076,-0.09281858819777092,0.3198766621815748,0.013996282164379398
TCGA-CV-7090,172.54,0,-0.028778662150993194,-0.06834989648155938,0.10267323948292198,-0.438042394954855,-0.07857791792428079
TCGA-CV-7091,111.07,0,-0.3384324387947442,0.009161041505882444,0.054538909450804335,-0.2510665448031698,0.012133221704554244
TCGA-CV-7095,18.79,1,-0.3298985444847202,-0.2729871919588572,0.7886058792547802,0.5540206750732224,0.08363132791209239
TCGA-CV-7097,12.65,1,-0.1587508827164293,-0.1496309400779478,0.46658478825812344,0.7178466090207097,0.34857977316667044
TCGA-CV-7099,7.98,1,0.34356837879190866,-0.1997286083589588,-0.11168885022917198,0.10165029584581738,0.01980607382900417
TCGA-CV-7100,9.0,1,0.6305785708760855,0.5225720677037171,0.29834398163109704,0.07684382594557415,-0.10914420835704915
TCGA-CV-7101,5.26,1,0.4476926652642735,-0.2927020676087703,-0.06599274046847438,0.38334453289979525,0.1451789438666636
TCGA-CV-7102,1.84,1,-0.13317511047037944,0.22809504657471466,0.08852598513629455,0.7503659504867535,0.29156515902263447
TCGA-CV-7103,52.27,1,0.10101353920771447,-0.20359770076959455,0.08953110090176102,-0.19592330255862325,-0.023743591164149102
TCGA-CV-7104,12.91,1,0.046959601015880814,-0.5759155849653277,0.32536990880084055,0.37030974942205863,0.25237415371811506
TCGA-CV-7177,21.78,1,0.0498726101190253,-0.17222644203065404,0.1593428316887758,0.09779576245951502,0.18326741060449742
TCGA-CV-7178,71.16,1,-0.16669565632497102,0.20809725643890423,-0.1901666024673949,0.1701071111714158,0.10166834413657069
TCGA-CV-7180,10.74,1,-0.6075364696724296,-0.06699714718511582,-0.3564004946332421,-0.11175868375285763,-0.17365957795085854
TCGA-CV-7183,130.78,0,-0.32532891874749453,-0.9088942844070278,0.8573362206016288,-0.27093909580820646,0.059759299731256085
TCGA-CV-7235,77.1,0,-0.12093501506179381,-0.1885026510389395,0.9357537968844181,-0.00165734261832082,0.16658789677056293
TCGA-CV-7236,4.73,1,0.14578291330956517,0.1774138909187983,-0.46358995113787094,0.8239664464688947,0.21449244096942224
TCGA-CV-7238,89.59,0,-0.03832619590402711,0.047942320976943065,-0.22129282507408696,-0.27083616923327974,-0.11144381213989507
TCGA-CV-7242,35.97,0,0.727852864776653,0.11496961976560575,0.2612578169351009,-0.4399859990870761,-0.23936333480809174
TCGA-CV-7243,31.34,0,-0.294257837447251,-0.47072693384429115,-0.22716213254458975,-0.022757074849435486,0.033748718693933234
TCGA-CV-7245,26.18,0,-0.05291964586979442,0.15304175185461563,0.6173071558070312,-0.045124142612104096,0.006518175751832659
TCGA-CV-7247,18.96,1,-0.09373603504421368,0.22854800722699017,-0.498367625350542,0.2906166994877291,0.10504787819294654
TCGA-CV-7248,17.12,1,0.35114503275968384,0.12012372980891839,-0.6084039739855782,-0.29899571148278514,-0.12015193915024235
TCGA-CV-7250,95.27,1,-0.33338734054210917,-0.31147245388490724,0.2966633030084123,-0.20828487432797088,-0.18076335997771145
TCGA-CV-7252,4.96,1,-0.1882315589792947,-0.07472170221255917,0.08698777354072951,0.5840420029547,0.23283722130119655
TCGA-CV-7253,11.86,1,-0.3814002508858562,-0.31646408545486987,0.9757485862660656,0.6665385185098692,0.3582595686363937
TCGA-CV-7254,47.93,1,0.7095243492826975,0.3040381099983957,-0.4011755841498668,0.2544269511413002,0.030345691663121333
TCGA-CV-7255,2.1,1,-0.008675939594334582,0.0063436596898273495,0.4608992515082703,0.4744414356910917,0.25151073190446194
TCGA-CV-7261,49.67,0,0.5323541785154204,-0.24097196286974473,-0.04069547294139242,0.24038278340861702,0.22140986381534414
TCGA-CV-7263,18.4,1,-0.1458779328601284,0.056593816698028536,-0.5226180723513711,-0.5497309910313245,-0.23358355242858483
TCGA-CV-7406,57.42,1,0.6084617519212738,0.25787661198796585,-0.5292958732586582,-0.022928859415212322,-0.14818253129800388
TCGA-CV-7407,35.51,1,0.3504493321258746,-0.3696910739315903,0.06715651590413486,0.25942782669828907,0.10626534751399898
TCGA-CV-7409,17.84,1,0.38506647451007014,-0.008543527724525084,-0.4041795759662339,0.24050671101312632,0.1090087520496195
TCGA-CV-7410,210.81,1,-0.009809857912533387,0.387537107720347,0.5639819942358862,-0.4677623637833037,-0.25178535146259307
TCGA-CV-7411,89.26,1,-0.17854959107127294,-1.2008544790949551,1.130637261391875,0.13447506238842283,0.2380565991229012
TCGA-CV-7413,9.66,1,-0.3694223837469575,-0.044537298447763767,0.561783306098282,0.26259267956510607,0.27965084229705406
TCGA-CV-7414,0.46,1,0.06575441285502026,-0.02256734000201796,0.3291234054163309,0.3852948634656157,0.09933555312421527
TCGA-CV-7415,22.83,1,-0.18417677130683513,0.18348641207353522,0.7032856402557202,0.516857564890287,0.27677049475094634
TCGA-CV-7416,25.07,1,-0.2838647330298341,-0.17110444580038311,0.22947755401493602,0.1490761802522806,0.1680550495914722
TCGA-CV-7418,25.92,1,0.5478327978160704,0.4983353633626998,0.2534519723683602,0.5081282150977416,0.2266575167557718
TCGA-CV-7421,0.07,1,0.7536313051052845,-0.009785742656727794,0.6304383348656881,0.006857479670921569,-0.03048202531088777
TCGA-CV-7422,34.07,1,0.036324455028989,0.07371935699174163,-0.0030792048907134365,0.49526479394185696,0.2052108816478148
TCGA-CV-7423,100.49,1,-0.4101226064509099,-0.34798199788264966,-0.382459341992511,-0.07344652716268177,0.05894189850062156
TCGA-CV-7424,14.88,1,0.2151275755526664,-0.10269803034602139,0.7418005301001087,0.26485398227775275,0.18278810482848273
TCGA-CV-7425,56.44,1,-0.06372450934511001,0.06691301851043252,-0.22772996852329894,0.17803171868438744,0.13844098365926757
TCGA-CV-7427,156.37,1,-0.33602619338083506,-0.097363822082214,0.046700606911889285,-0.2625640705112245,-0.07406860579788817
TCGA-CV-7428,54.89,1,0.1488103204712313,0.020726685592480518,0.10727273415571989,-0.2439833386614231,-0.0519696393717751
TCGA-CV-7429,3.52,1,-0.1421208979366837,0.04702147386892832,-0.6574443202514971,1.0261384053127411,0.26680806353645486
TCGA-CV-7430,16.26,1,-0.20539177821440466,-0.567041694348914,0.3374358297272798,0.8718064803703389,0.289508898888718
TCGA-CV-7432,84.43,1,-0.3080410054289885,0.04105935718584138,0.5224961551241771,0.7296546521158879,0.4780091583220096
TCGA-CV-7433,19.74,1,-0.10866030919332696,0.10053665126530996,0.2513987380198263,0.4443774305788896,0.26784463192048974
TCGA-CV-7434,7.16,1,-0.4268627269530757,0.2230067301915665,0.015973215355977257,0.26893602812995415,0.09014871555457059
TCGA-CV-7435,153.75,1,0.06147040276539163,-0.6323799466936347,0.1179891398289589,-0.06415276796906554,0.022435564312822318
TCGA-CV-7437,16.62,1,1.0197739385968745,-0.306072505625706,0.9283428037109079,0.9580147608136141,0.47045120862704504
TCGA-CV-7438,6.37,1,-0.12484058192736502,-0.16827441512726807,0.2998029645802551,0.1043783354672535,0.14402853616554856
TCGA-CV-7440,22.17,1,0.45272465433441983,-0.5689003126018405,0.08616058006034313,-0.15930230661086955,-0.04358439691372965
TCGA-CV-7446,35.91,1,0.3577403506648378,-0.485942835246786,0.15222704618453545,0.3062809034692747,0.06000874594494862
TCGA-CV-7568,30.45,1,-0.33254700886102173,0.04976779583545089,0.8727091071474395,-0.2269455785886231,-0.054514182350935934
TCGA-CV-A45O,27.96,0,-0.5710982395684594,-1.012670396473431,0.7707699104235853,-0.5808766537156936,-0.21574719367013195
TCGA-CV-A45P,20.99,0,-0.20520368068616768,-0.681901873286595,0.49032252158972944,-0.13355683204267702,-0.1069236650431883
TCGA-CV-A45Q,169.25,1,-0.7070950000785848,-0.6829846720698566,-0.03995025878690291,0.08918821002865121,-0.039727619411834975
TCGA-CV-A45R,180.03,0,-0.08599108172793782,-0.7187942191463578,-0.511355442892059,-0.7008329741605134,-0.3200214212131977
TCGA-CV-A45T,159.53,1,-0.06365824087366914,-0.07646609904123156,-0.46240314532757143,-0.11493141951395541,-0.07584357239222289
TCGA-CV-A45U,35.45,1,-0.17722558971512112,-0.10791158482753492,0.4372304418730089,0.1422537225086845,0.04082939218857806
TCGA-CV-A45V,1.05,1,-0.1461580730640213,-0.39750374885175593,0.4306848313512804,0.16171954139845265,0.08561263039075087
TCGA-CV-A45W,45.93,1,0.46462567841416974,0.3056118349230026,-0.10900222926080509,0.18983557719584948,0.11279027813161781
TCGA-CV-A45X,6.5,1,-0.4285692907206959,-0.3002710521601084,-0.4168572166099927,0.11074764628248382,-0.019031450339331218
TCGA-CV-A45Y,88.8,1,0.3209895440912054,-0.22648077232471195,0.03008438842008901,-0.3815390048832164,-0.12886951189596532
TCGA-CV-A45Z,48.16,1,0.6359039450728179,-0.1121365654307653,-0.598822929233983,0.268104533530505,0.13681041218067308
TCGA-CV-A460,60.38,1,-0.18010687413591706,0.05884111375696714,-0.29742991700109817,-0.2774656061660836,-0.15675776196321786
TCGA-CV-A461,67.81,1,0.08788765727757095,-0.15555979230254613,-0.5680867980613968,-0.7445648719742273,-0.42064211181273714
TCGA-CV-A463,0.76,1,-0.5199938221335214,-0.5243396856549077,-0.13438088973438495,-0.19839076183911333,-0.0852335003897259
TCGA-CV-A464,56.57,0,-0.1974851577597474,-0.11768426755718409,-0.29355529577144046,-0.48580528779509186,-0.2524347885084772
TCGA-CV-A465,7.06,1,-0.49592561934279533,-0.21074576445908288,-0.24287809018004325,0.1824739412593788,-0.04908750524261604
TCGA-CV-A468,15.24,1,0.06872600976122761,-0.48961566571389986,-0.2697980286023249,-0.1786887301837912,-0.20506375029314708
TCGA-CV-A6JD,5.98,1,-0.19172509465483994,-0.1858593694428869,-0.37500874212227664,0.24228658193115096,0.18621083965652113
TCGA-CV-A6JE,35.32,0,0.06162055627986529,-0.11139285228393063,-0.38473402171763144,-0.42245860405121277,-0.17467925027103795
TCGA-CV-A6JM,6.37,1,-0.12309570182913643,0.01715964864366226,0.5361855587566996,-0.2536157224578279,-0.14026433103719482
TCGA-CV-A6JN,29.76,0,-0.47167263735761134,-0.10942150508926843,0.3996490052473019,0.20390965340033637,0.04949182923704834
TCGA-CV-A6JO,6.47,1,-0.5569834816206574,-0.4407849581289381,-0.13348169215219538,0.4833128596511555,0.10394313889010577
TCGA-CV-A6JT,27.99,0,-0.5672183744387904,-0.1651701472819963,0.39379363783976334,-0.33926283730733514,-0.06704341670209264
TCGA-CV-A6JU,3.61,0,-0.2826901788108631,-0.1522937010647528,-1.0452924118234916,-0.26544349261205846,-0.13889200722148026
TCGA-CV-A6JY,21.22,0,-0.4708480664879669,-0.508735209361644,-0.06039541311657198,-0.4988433142356612,-0.24574162449897835
TCGA-CV-A6JZ,23.46,0,-0.13946186886601633,-0.06177407699564346,-0.6300213646428796,-0.2519419932464761,-0.1684736725184608
TCGA-CV-A6K0,19.91,0,-0.16951410690731847,-0.1799911535787267,-0.9105885016672024,-0.23684351100586623,-0.17299668821807326
TCGA-CV-A6K1,22.5,0,-0.5336657227718389,0.32668059471660227,-0.3567438302980459,-0.11122144475963817,-0.09624662599089429
TCGA-CV-A6K2,10.41,1,-0.39379594927874334,-0.0005959112619419513,0.37937164150496205,0.3934144647779363,0.14689343565989119
TCGA-CX-7082,0.36,1,-0.0020984516707757287,0.2661504166413829,-0.036212709186223345,0.2069758689275788,0.0715830996853265
TCGA-CX-7085,10.55,0,0.14493887128143185,-0.37316636738202663,0.4776128475545409,-0.0603151531805188,-0.05972624241298689
TCGA-CX-7086,18.82,0,-0.03089918185106555,0.1099792827163329,-0.7062549360192757,-0.49904443251201036,-0.4023042818587864
TCGA-CX-7219,34.33,0,0.210576349666586,-0.3232283457554226,-0.8231055444688681,-0.20866460686172147,-0.08382386780404011
TCGA-CX-A4AQ,51.08,0,0.03460547235404308,0.5731234647834393,-0.5429875895157095,-0.25584484377385247,-0.12487304156214918
TCGA-D6-6515,13.24,1,-0.17955264370722887,-0.12382833456042737,-0.5404141792765211,-0.006652896493786868,-0.060454162395217954
TCGA-D6-6516,25.39,0,-0.07720128964504121,-0.3723667363376987,-0.4997654773830029,0.22409617865101572,0.31503281382752957
TCGA-D6-6517,9.59,0,0.11909221055218239,-0.28895548704092455,0.5294396822601515,0.4000021176888374,0.1761610086095802
TCGA-D6-6823,23.03,0,0.09088207015249304,0.35720958500967837,-0.7856551561052127,-0.10783099202055753,-0.16609611575929553
TCGA-D6-6824,2.53,0,0.7318884164046584,-0.29808795692452966,-0.622438740768384,0.01049443705232489,-0.09616216617905769
TCGA-D6-6825,16.13,0,-0.019313906621239097,-0.016177575571355105,0.14116356399869004,-0.25781637122084705,-0.1162132406740728
TCGA-D6-6826,11.43,1,0.4861515294495061,0.18274726289022314,0.4830399058064086,0.5701519442167606,0.28712973708904316
TCGA-D6-6827,18.66,0,0.21995459390061856,0.5338597418556534,-0.9580045095780305,-0.3296264183934927,-0.3818422648083714
TCGA-D6-8568,24.93,0,0.34714251351815106,-0.057900157546974466,-0.1972954654649751,0.17567581666611187,-0.019044058854187237
TCGA-D6-8569,25.3,0,-0.06402685146185445,0.1285431086465623,-0.19693486383243058,0.28918885007706235,0.08520602590735614
TCGA-D6-A4Z9,17.71,0,-0.3510880302569301,0.44079679050841397,-0.5391754299463895,-0.08054994644408581,-0.010061778037334285
TCGA-D6-A4ZB,12.35,0,-0.0013144572330335514,-0.3911508275052207,0.613216416976543,-0.21313741598102284,-0.014502943024299948
TCGA-D6-A6EK,28.75,0,-0.10483593921219844,-0.190144682703251,0.9035336194187273,-0.9403079291807298,-0.2869197742368858
TCGA-D6-A6EM,7.62,0,-0.15918391003419952,0.4550266469784504,-0.908656644715857,0.802893894631386,0.24234573104648466
TCGA-D6-A6EN,22.57,0,0.27156864618395765,0.43410251990080695,-0.7537296441410442,-0.137388643137786,-0.12804993436529058
TCGA-D6-A6EO,24.93,0,-0.038889033569781434,-0.5571699714839736,-0.847035570852643,-0.7922543059707541,-0.33076824709483765
TCGA-D6-A6EP,13.93,0,0.2981862539607905,0.29025376075454845,-1.5890527622803252,-1.5058158461520825,-0.8792962593260624
TCGA-D6-A6EQ,12.09,0,-0.06802863870444728,0.14284518244923497,0.4047950768103669,-0.019946874634308047,0.06520120346876375
TCGA-D6-A6ES,12.78,0,-0.22163885256251026,-0.7578311033708883,0.3716866351548409,-0.47011928944970255,-0.3176897642942039
TCGA-D6-A74Q,23.32,0,-0.07719325243403162,0.08425961696632911,-0.17735210169446192,-0.6831272318261462,-0.28316441562355277
TCGA-DQ-5624,58.41,0,-0.06568567455381545,-0.6959974905611346,0.331149773206358,0.5790608322858807,0.2136182293898938
TCGA-DQ-5625,37.22,1,-0.31169028975860813,-0.3706066342538381,-0.319760306473304,-0.0731679401928115,-0.19819225829175594
TCGA-DQ-5629,30.91,1,0.4164379375880853,-0.180480536865744,-0.03161530008573667,0.6809359995250519,0.3664076574877619
TCGA-DQ-5630,33.84,0,0.15040343214487017,-0.10687054034960085,0.07921961557150778,-0.13925385304831484,-0.09051206347847741
TCGA-DQ-5631,18.0,1,-0.5147477575330616,0.22676531285268012,-0.03146610266630821,0.5894784329784496,0.22274910583223162
TCGA-DQ-7588,14.03,1,-0.6424997616698978,0.3268009793477619,0.7371604594190376,0.818335024745435,0.41799703883975375
TCGA-DQ-7589,46.29,0,0.00066859091189099,0.26543635643823044,-0.06735907938512654,0.5820584461228507,0.42514343604857985
TCGA-DQ-7590,46.42,0,0.31314030526817593,0.4949582354345862,0.16567118769006509,-0.3988456858656845,-0.1478008914559986
TCGA-DQ-7591,20.43,0,0.5650173563052768,1.2493622320470774,-0.04095192681828965,-0.13932565738221803,0.04925194585351038
TCGA-DQ-7592,37.55,0,-0.17578918014971476,-0.6751456827256481,0.14454960995591729,0.25524460098859547,0.08856697380425786
TCGA-DQ-7593,40.21,0,0.1791850761051507,0.767408090373016,-0.6141823792120616,-0.568714095905778,-0.39584114033499723
TCGA-DQ-7594,40.01,0,0.5121148618376236,0.8965292291648803,0.10523444498402881,-0.269202160962783,-0.27964468236430523
TCGA-DQ-7595,39.09,0,0.21222998084345762,0.39236197812385026,-0.6932023934948558,-0.5711762458286147,-0.2868727642880988
TCGA-DQ-7596,41.56,0,0.6306480411412355,0.9810190009667119,0.16414169974792928,0.0791305579922817,-0.0783106885594414
TCGA-F7-7848,37.16,0,0.4948413608006989,0.4381072889893447,-0.5906325722851647,-0.7816739905529202,-0.4375202779002088
TCGA-F7-8298,32.69,0,0.18477428396906478,0.6632941478040281,0.9041279543814109,0.426445548711312,0.2421310438440018
TCGA-F7-8489,21.62,0,-0.1640610912840178,-0.5524910444252228,0.5301341588358921,0.39248648829888183,0.1344689955610821
TCGA-F7-A50G,20.24,0,-0.05661420555111123,-0.09685397408655518,0.22342913102944423,-0.9830032905934484,-0.45104741240340473
TCGA-F7-A50I,3.02,0,0.48600895467357486,-0.7434062594547944,0.15399729348126617,-0.007617692018368654,-0.037416431257164304
TCGA-F7-A50J,31.11,0,-0.24517738721284252,-0.42256633532436505,0.31779621042762135,0.14737322716716023,0.19494326207481338
TCGA-F7-A61S,18.92,0,0.06085393718003779,-0.19001530118981055,0.3668479606277039,0.511552936757281,0.26138180130038496
TCGA-F7-A61V,24.93,0,0.24017490666580107,-0.06816766668102547,-0.2807848761317149,-0.6146183885395075,-0.28723275000992243
TCGA-F7-A61W,0.46,0,-0.6379300240544193,0.3933103784446081,-0.3901747569436733,0.10125333711887968,-0.022545686998149673
TCGA-F7-A620,17.84,0,-0.382830012428255,0.13067862324960364,-1.1124967959074359,0.3182445046692172,-0.02864028605353641
TCGA-F7-A622,11.79,1,-0.6165665959081983,0.4954109658988579,0.218360043853411,0.40677601676982966,0.03981322095631652
TCGA-F7-A623,20.24,0,-0.25308178602809656,0.10716777965791052,0.26161935172654815,-0.6913175827805746,-0.31645166341756553
TCGA-F7-A624,12.42,0,-0.3869451784678492,0.6351922582647396,-0.2327567268227769,0.6561708008646184,0.18719978783974098
TCGA-H7-7774,13.37,0,0.028139604621121615,-0.33389671069589594,0.2953573206460836,-0.3326982935224281,-0.05133350622861318
TCGA-H7-8501,15.14,0,-0.15642014452088246,0.23939779423813676,-0.19204820903633021,0.41333778419669,0.2562196696874991
TCGA-H7-8502,15.05,0,-0.29866959658377634,-0.06610159603130433,0.001971405466418867,0.4780097707604138,0.20968782806867312
TCGA-H7-A76A,20.93,0,0.07524421439519649,0.6968703505468131,0.033977671604493324,-0.3105193942072434,-0.19489033528962973
TCGA-HD-7229,33.74,0,0.19006032946700988,-0.1647036773438214,0.6872177978078439,0.41240541118735713,0.23047118582648238
TCGA-HD-7753,28.45,0,-0.0016651861275001345,-0.04081954052745945,-0.013759089658510044,0.3658247141322377,0.16092256461555976
TCGA-HD-7754,25.72,0,0.31233481149630904,0.5875015632328416,-0.17009408965914388,-0.6877856472181636,-0.23698755578165023
TCGA-HD-7831,21.91,0,-0.3106599201338051,-0.5447338091269702,0.3743938194842016,0.03738984319143853,0.14444771486435884
TCGA-HD-7832,27.46,0,-0.6166733473833139,0.5994296036854619,0.08582086963308855,0.4268148898658942,0.19666156770166882
TCGA-HD-7917,27.46,1,0.08026437064495398,0.13259476983715424,0.15157830626075994,0.27700481674527677,0.22169386808358718
TCGA-HD-8224,14.65,1,0.0038620778104203612,0.1898687872089973,-0.8398249525550251,-0.5007555456920961,-0.3754546418340581
TCGA-HD-8314,22.01,0,0.41259520861776217,0.33684736847428265,-1.202738211061168,-0.7568183515426526,-0.4730537236677256
TCGA-HD-8634,12.65,1,-0.3214756309097407,-0.46262792270475334,-0.1949250851167109,0.15470973997323142,0.07079484740400284
TCGA-HD-8635,22.83,0,0.34868480602439333,0.11650344309564212,-0.2508757780948994,0.39365188573266935,0.08149658730925731
TCGA-HD-A4C1,0.36,0,-0.3370570256984246,-0.3969558132431293,-0.6701424182742937,0.23774619964752497,-0.029012461337989997
TCGA-HD-A633,13.83,0,-0.4641778666182685,0.2643517656807245,0.16862944995734377,0.713800636270231,0.19729418164606363
TCGA-HD-A634,4.27,1,-0.07633486232629243,1.0483957153335128,-1.2439853051106964,0.32264364452896127,-0.16291966701042873
TCGA-HD-A6HZ,3.65,0,0.13241705082928207,0.16362045183262855,0.5789000768739192,-0.27378071918382085,0.03970264607776772
TCGA-HD-A6I0,6.9,0,-0.5173284268156806,0.20844212263897058,-0.952661485782004,-0.462776074174544,-0.2606584032892691
TCGA-HL-7533,34.72,0,-0.31069164556779355,0.434252483263954,0.9431715999426065,-0.41390689585496965,0.03568894031986914
TCGA-IQ-7630,15.93,0,-0.34233534983294767,-0.39976382678564976,0.636509312861127,0.2057901196451199,0.20278736274367504
TCGA-IQ-7631,38.5,0,-0.533810467360543,-0.6702356979994455,-0.4052033145612266,-0.5063002791533415,-0.3107508154674804
TCGA-IQ-7632,14.49,0,-0.3758274181654032,-0.3281134749835461,-0.30110794996833473,-0.26347839696953296,-0.3395068831131822
TCGA-IQ-A61E,37.68,0,-0.43528070040582206,-0.04527070474713448,0.5785698925318342,0.22267161748949935,0.12251953885885407
TCGA-IQ-A61G,11.83,0,-0.47719645864948873,0.6529233310090109,0.619948860832784,-0.031486485754808835,0.02488481186632874
TCGA-IQ-A61H,37.39,0,0.07137754406988048,0.3024296649752106,-0.22815964075969972,0.2504331381586272,0.18680689988102595
TCGA-IQ-A61I,0.07,1,-0.09248190848837316,1.0398145352515715,-0.9726448842417612,-0.2070770894632957,0.028259740927653418
TCGA-IQ-A61J,33.54,0,-0.09312168686987145,-0.3673773501547507,-0.06839146981842284,-0.5072965676305534,-0.1533260202967603
TCGA-IQ-A61O,13.83,1,-0.052916003336799536,-0.19876740942705876,0.8706218131887822,0.8759649085358061,0.6615175068433505
TCGA-IQ-A6SG,19.02,0,0.1338655462510441,-0.035181626603649194,0.5711455991479597,0.6637154823646749,0.4008598757516582
TCGA-IQ-A6SH,15.47,0,-0.27789899523648687,-0.05747216208090263,-0.04296649318748896,0.42495295397164196,0.17906600600562997
TCGA-KU-A66S,13.34,1,-0.12323135247141954,0.33429083237346446,-0.5975629547192747,-0.12212006594221134,-0.16078352526602777
TCGA-KU-A66T,18.13,0,0.12486921499268487,0.12921791457961462,0.6204528255452765,0.31370500101058957,0.25196639585497016
TCGA-KU-A6H7,19.25,0,0.11662601077107208,1.1535540999862923,-0.5648147099980164,-0.19993495773331904,-0.18517825956416792
TCGA-KU-A6H8,10.74,1,0.27474742357263227,-0.16181410696367246,-0.2682371638809874,-0.07766995065740802,-0.12482420888128992
TCGA-MT-A51W,14.36,0,0.0901468009281551,-0.4627039865768644,0.24557690640165963,0.48393455028899257,0.19655904194948445
TCGA-MT-A51X,7.95,0,-0.30001359072120354,-0.40605332389880977,-0.11970317788653426,0.02952620875727724,0.01805563832292969
TCGA-MT-A67A,30.03,0,-0.003282059359322076,0.04974430239409964,-0.7578847352897555,-0.9044353731432645,-0.5037301254193635
TCGA-MT-A67D,1.84,0,0.2745171151160128,-0.027074319002893997,-0.31514597801146504,0.2810957064556726,0.06739591087576738
TCGA-MT-A67F,12.61,0,-0.3393950822110417,-0.13672619746565687,0.6397224094693765,0.14672597509344443,-0.027818755930093184
TCGA-MT-A7BN,15.41,0,0.3534372755809157,-0.1078403945687197,0.7120109575439165,0.25559069810090923,0.34203494879941054
TCGA-MZ-A5BI,7.13,1,0.02819616194780248,0.4725842648436339,0.053889728292008776,-0.3926297242778748,-0.271350294454804
TCGA-MZ-A6I9,16.06,1,0.3677240401662,0.7434350995317758,-0.8613596658893521,-0.526543170320451,-0.3538527771202621
TCGA-MZ-A7D7,17.97,0,-0.0738598053508555,0.27481803374812463,0.5123577333448116,0.45526955094856475,0.23265774165537784
TCGA-P3-A5Q5,29.89,0,-0.08417167645721366,0.6738346732969854,-0.7498213149143862,-0.9155623607676611,-0.5551279041681034
TCGA-P3-A5Q6,15.77,1,-0.3339853158429763,0.0072842362531377455,0.22575516289400768,0.7101404007483944,0.36154303810400307
TCGA-P3-A5QA,71.68,0,-0.22290619137128664,0.14321297550781975,0.5019660624890101,0.3905475281531019,0.3090010180129677
TCGA-P3-A5QE,51.22,0,-0.29871128132284547,0.7757592469425717,-0.7997966228628272,-0.5964022803286628,-0.38733334791197727
TCGA-P3-A5QF,10.84,1,-0.2664471649008785,0.7407374579119385,-0.30969125943197284,-0.2380386053220518,-0.15815781883750976
TCGA-P3-A6SW,36.79,0,0.5831947232264946,0.5911348493809254,-0.7112012828449829,-1.0185552818053039,-0.6124856250615325
TCGA-P3-A6SX,46.98,1,-0.23776136256101832,0.29792030776429484,0.04178050307988423,0.4973172983683809,0.28184955670396294
TCGA-P3-A6T0,18.99,0,-0.4099069281107413,-0.34281602068754724,0.814302904075069,-0.10021426094746676,0.19625249386624435
TCGA-P3-A6T2,75.49,0,-0.5385223260653411,0.430714600688763,-0.5600154362271572,0.04391081406887424,0.09062207977728445
TCGA-P3-A6T3,18.96,1,-0.22170512101652834,-0.7343011314470447,0.8763342572291504,0.4326115563155207,0.34787375878690036
TCGA-P3-A6T4,2.04,1,-0.13502109104410975,-0.5824971122096797,-0.12196477376122164,0.38459733026313464,0.1849333114058336
TCGA-P3-A6T5,28.98,1,0.08302292882046174,0.08468190614823651,0.48752471765606686,-0.6131591527263925,-0.061159314204832435
TCGA-P3-A6T6,12.98,1,0.37622826759650163,1.1455703225449914,-1.3636035168920095,-0.7598937613179539,-0.3081832388426688
TCGA-P3-A6T7,16.0,1,-0.14504504552178213,-0.19293424026217226,0.3035971597881891,0.217519825204728,0.08835581784809247
TCGA-P3-A6T8,13.14,0,-0.23892585355561358,-0.02614254595515254,-0.5243346819484411,0.020472616996315477,0.06352073010199435
TCGA-QK-A64Z,21.06,1,0.08686267230820308,0.19268736816067844,-0.825919804885746,-0.1576179090198695,-0.11347506360642515
TCGA-QK-A652,21.19,0,-0.057181400311074305,-0.28119309494543576,-0.6492849156716668,-0.38890088130921113,-0.3016648464249354
TCGA-QK-A6IF,23.13,0,0.11088060388550693,0.9178307377308393,-1.1639838735230705,-0.7897123370723157,-0.5200764637754199
TCGA-QK-A6IG,7.29,1,-0.19650363409037697,0.34948138818117985,-0.5136467675201064,0.12729350383816296,0.08929484803696892
TCGA-QK-A6IH,21.45,0,-0.34952352769271394,0.06278437720959994,0.2767145895998496,0.1247928291775531,0.06650974122308168
TCGA-QK-A6II,9.33,1,-0.5782753907009007,-0.744771032658266,0.6053394246215248,0.655524733595311,0.35992867532663153
TCGA-QK-A6IJ,12.71,0,-0.4883247227091831,-0.07904097695698645,0.10104490393496407,-0.3177594804880538,-0.3212215473421969
TCGA-QK-A6V9,27.37,0,-0.013167488530361243,1.125522160858083,0.41286716406567864,-0.5118860537183497,-0.17560631576188054
TCGA-QK-A6VB,21.06,0,0.16174650751235323,-0.04158419107646411,-0.32899305069913687,-0.11980974023781618,0.06225385018570209
TCGA-QK-A6VC,19.71,0,0.08299397566648892,-0.15737984998238175,0.48869765737426135,0.27985098840513434,-0.005749936121768718
TCGA-QK-A8Z7,12.88,0,0.16221164515582392,-0.039685668403331736,-1.2094297458807621,-0.13125736521994885,-0.22211927549297897
TCGA-QK-A8Z8,5.62,1,-0.06918082814482503,-0.39225246285164944,-0.8681038279003787,-0.39170609130650297,-0.35537025929782146
TCGA-QK-A8Z9,14.75,1,-0.1896196651884885,-0.16186419906444247,-0.03076402274429692,-0.1524965240590226,-0.15375791145461495
TCGA-QK-A8ZA,12.19,1,0.05493489506962723,0.17136053801321935,-0.7635239044058207,0.6531584622555797,0.15042328910423464
TCGA-QK-A8ZB,17.81,0,0.2354535853156727,-0.564770901798728,0.6999777754333387,0.06534589887021118,0.10694600694305906
TCGA-QK-AA3J,15.31,0,0.6860993032719339,0.2070605738942924,-1.0808084633354567,-0.8323741692580344,-0.35904763527566463
TCGA-QK-AA3K,8.31,0,-0.2268208352385829,0.06312682023002443,-0.44844946802710123,-0.283521273332628,-0.030104667591171207
TCGA-RS-A6TO,12.71,1,-0.30299733848043875,-0.023114581623425362,0.057068476362742704,0.4895269433271259,0.2936765104022473
TCGA-RS-A6TP,16.95,0,-0.4074415304299347,0.4805160568572263,-0.049090576212755144,-0.3137731847485099,-0.16410193001693898
TCGA-T2-A6WX,6.87,1,-0.24142552406480314,0.1538360402804052,-0.07324528475853316,0.172560287184263,0.03764539827137476
TCGA-T2-A6WZ,15.9,1,-0.1271758461251524,0.2043003943991391,0.3360210332454166,0.011661070102418052,-0.10927777762969752
TCGA-T2-A6X0,7.1,0,0.2252855814326148,0.4986609248373997,0.5496710178297446,-0.030204153302539637,-0.04912517081535099
TCGA-T2-A6X2,32.42,0,-0.46094367082287085,-0.5547719317805768,-0.5183059634614124,-0.1679729376731705,-0.09396539200238198
TCGA-T3-A92M,13.7,0,-0.07452137508731999,0.094492168758711,0.02546920982174094,0.01145055601838317,0.009040086942314517
TCGA-T3-A92N,3.12,1,0.34804635884600876,0.059957853562447025,0.48155470572666037,0.9103740886470515,0.354761520197036
TCGA-TN-A7HI,13.53,0,0.2751002444658432,0.965681891180995,-0.425981513083018,-0.5263696814407525,-0.018040398983069583
TCGA-TN-A7HJ,13.24,0,0.18614078410812643,-0.12385041668217331,0.2150859230455462,0.16621230721327965,0.056786482420407305
TCGA-TN-A7HL,20.34,0,-0.08942794395921072,0.6624521914794775,0.019659024845502363,-0.08866444573329388,-0.27895116374035567
TCGA-UF-A718,64.75,0,0.26999818228039335,-0.007505585559612975,1.097725836931746,0.10766720905497217,0.09994440233585507
TCGA-UF-A719,54.63,0,0.16086901514792512,0.07700541745442434,-1.0997501102488632,-0.42522528149864786,-0.30871088968837673
TCGA-UF-A71A,2.83,1,0.054672827916677026,-0.3832535604537851,0.19097607089260532,0.9951825267402054,0.466980122488685
TCGA-UF-A71B,49.47,0,-0.08335808260070741,0.2588859304155606,-0.4981759730624101,-0.15025706011230758,-0.0056643314754119805
TCGA-UF-A71D,48.0,0,-0.03167541095471106,-0.5866683712970343,-0.41511222434649164,-0.7643431103076017,-0.3944603264203272
TCGA-UF-A71E,49.41,1,-0.2610021614087679,0.31131030569914847,0.30476476679530223,0.4692776945844917,0.35140361302187423
TCGA-UF-A7J9,44.61,0,0.006797180236383121,-0.15735628910686472,0.4771534682044362,0.04574236100189744,0.16880389251926253
TCGA-UF-A7JA,74.41,0,-0.13651877909168716,0.2817031715742601,0.8965023370119409,0.06603106696899043,0.023638681127780375
TCGA-UF-A7JC,17.94,1,-0.6652880246069409,-0.3287129804626359,0.21544674296378682,0.11976252904139302,0.18701587595389824
TCGA-UF-A7JD,24.28,1,0.030493546388690892,-0.3173434457340708,0.23884536274451396,0.6732414462326045,0.37252778344913956
TCGA-UF-A7JF,55.39,0,0.34914481370812556,0.0748143616263122,1.113057520214963,-0.27445401370981376,-0.06669968808993637
TCGA-UF-A7JH,29.43,0,-0.22867005395802809,-0.10852348853276617,0.8287056626332598,-0.06367589513124927,0.10630667554776385
TCGA-UF-A7JJ,18.04,0,0.02921942510958517,-0.5075304748829955,0.7245651061283798,-0.38966927864999956,-0.05708321553063926
TCGA-UF-A7JK,13.93,1,-0.06817104513040052,-0.07642386877786314,0.5496114690134372,0.23760210201348161,0.12506853033844753
TCGA-UF-A7JO,20.73,1,0.07787912331549286,-0.05545795729163301,-0.21099712181856928,0.19128482536588123,0.20709265583097328
TCGA-UF-A7JS,22.34,1,-0.02880530368306814,0.3774222421111174,-0.7431151831879372,0.3070824922219667,0.19000391284430498
TCGA-UF-A7JT,32.62,1,-0.2634612890023844,0.23364225183724283,-0.3891970254996921,0.15163388854303692,0.06497733303391028
TCGA-UF-A7JV,2.96,1,-0.025906144281881406,-0.1381763068075375,0.3389410468805818,0.9178818408651013,0.44696561047099115
TCGA-UP-A6WW,17.02,0,-0.12131366534836192,1.172734362982498,0.4573524141164568,0.15221267805044153,0.24094547114331064
TCGA-WA-A7GZ,20.53,1,-0.5477237281354028,0.010559691407497478,-0.7362494521438097,0.3542917125811605,0.05839340491520371
TCGA-WA-A7H4,14.55,0,0.5354413617288295,-0.17285451736826016,-0.914633864392381,-0.24074564597960593,-0.1628294034638013
