Patient ID,Sample ID,Overall Survival (Months),Overall Survival Status,Disease Free (Months),Disease Free Status
TCGA-4P-AA8J,TCGA-4P-AA8J-01,3.35,0:LIVING,3.35,0:DiseaseFree
TCGA-BA-4074,TCGA-BA-4074-01,15.18,1:DECEASED,13.01,1:Recurred/Progressed
TCGA-BA-4075,TCGA-BA-4075-01,9.3,1:DECEASED,7.75,1:Recurred/Progressed
TCGA-BA-4076,TCGA-BA-4076-01,13.63,1:DECEASED,9.4,1:Recurred/Progressed
TCGA-BA-4078,TCGA-BA-4078-01,9.07,1:DECEASED,,
TCGA-BA-5149,TCGA-BA-5149-01,26.48,1:DECEASED,12.78,1:Recurred/Progressed
TCGA-BA-5151,TCGA-BA-5151-01,23.72,0:LIVING,16.98,1:Recurred/Progressed
TCGA-BA-5152,TCGA-BA-5152-01,42.31,0:LIVING,42.31,0:DiseaseFree
TCGA-BA-5153,TCGA-BA-5153-01,57.88,1:DECEASED,53.09,1:Recurred/Progressed
TCGA-BA-5555,TCGA-BA-5555-01,17.08,0:LIVING,8.15,1:Recurred/Progressed
TCGA-BA-5556,TCGA-BA-5556-01,23.82,0:LIVING,23.82,0:DiseaseFree
TCGA-BA-5557,TCGA-BA-5557-01,20.47,0:LIVING,20.47,0:DiseaseFree
TCGA-BA-5558,TCGA-BA-5558-01,65.54,0:LIVING,65.54,0:DiseaseFree
TCGA-BA-5559,TCGA-BA-5559-01,68.43,1:DECEASED,60.94,1:Recurred/Progressed
TCGA-BA-6868,TCGA-BA-6868-01,15.51,1:DECEASED,11.3,1:Recurred/Progressed
TCGA-BA-6869,TCGA-BA-6869-01,21.16,0:LIVING,21.16,0:DiseaseFree
TCGA-BA-6870,TCGA-BA-6870-01,14.82,1:DECEASED,,
TCGA-BA-6871,TCGA-BA-6871-01,3.55,1:DECEASED,,
TCGA-BA-6872,TCGA-BA-6872-01,12.61,1:DECEASED,,
TCGA-BA-6873,TCGA-BA-6873-01,4.01,0:LIVING,2.17,1:Recurred/Progressed
TCGA-BA-7269,TCGA-BA-7269-01,41.82,0:LIVING,41.82,0:DiseaseFree
TCGA-BA-A4IF,TCGA-BA-A4IF-01,29.4,0:LIVING,15.21,1:Recurred/Progressed
TCGA-BA-A4IG,TCGA-BA-A4IG-01,28.09,0:LIVING,28.09,0:DiseaseFree
TCGA-BA-A4IH,TCGA-BA-A4IH-01,20.43,0:LIVING,20.43,0:DiseaseFree
TCGA-BA-A4II,TCGA-BA-A4II-01,30.16,0:LIVING,30.16,1:Recurred/Progressed
TCGA-BA-A6D8,TCGA-BA-A6D8-01,27.92,0:LIVING,27.89,1:Recurred/Progressed
TCGA-BA-A6DA,TCGA-BA-A6DA-01,11.53,0:LIVING,11.53,0:DiseaseFree
TCGA-BA-A6DB,TCGA-BA-A6DB-01,7.1,0:LIVING,6.83,1:Recurred/Progressed
TCGA-BA-A6DD,TCGA-BA-A6DD-01,5.68,1:DECEASED,3.15,1:Recurred/Progressed
TCGA-BA-A6DE,TCGA-BA-A6DE-01,14.45,0:LIVING,14.45,0:DiseaseFree
TCGA-BA-A6DG,TCGA-BA-A6DG-01,2.27,1:DECEASED,,
TCGA-BA-A6DI,TCGA-BA-A6DI-01,11.04,1:DECEASED,8.74,1:Recurred/Progressed
TCGA-BA-A6DJ,TCGA-BA-A6DJ-01,13.37,1:DECEASED,7.88,1:Recurred/Progressed
TCGA-BA-A6DL,TCGA-BA-A6DL-01,20.47,0:LIVING,20.47,0:DiseaseFree
TCGA-BA-A8YP,TCGA-BA-A8YP-01,16.39,0:LIVING,16.39,0:DiseaseFree
TCGA-BB-4217,TCGA-BB-4217-01,6.14,0:LIVING,6.14,0:DiseaseFree
TCGA-BB-4223,TCGA-BB-4223-01,105.81,0:LIVING,105.81,0:DiseaseFree
TCGA-BB-4224,TCGA-BB-4224-01,9.13,0:LIVING,5.75,1:Recurred/Progressed
TCGA-BB-4225,TCGA-BB-4225-01,4.8,0:LIVING,4.8,0:DiseaseFree
TCGA-BB-4227,TCGA-BB-4227-01,4.4,0:LIVING,2.79,1:Recurred/Progressed
TCGA-BB-4228,TCGA-BB-4228-01,18.36,0:LIVING,18.36,0:DiseaseFree
TCGA-BB-7861,TCGA-BB-7861-01,22.4,0:LIVING,22.4,0:DiseaseFree
TCGA-BB-7862,TCGA-BB-7862-01,36.7,0:LIVING,36.7,0:DiseaseFree
TCGA-BB-7863,TCGA-BB-7863-01,33.67,0:LIVING,33.67,0:DiseaseFree
TCGA-BB-7864,TCGA-BB-7864-01,50.16,0:LIVING,50.16,0:DiseaseFree
TCGA-BB-7866,TCGA-BB-7866-01,44.94,0:LIVING,44.94,0:DiseaseFree
TCGA-BB-7870,TCGA-BB-7870-01,66.23,0:LIVING,66.23,0:DiseaseFree
TCGA-BB-7871,TCGA-BB-7871-01,24.64,0:LIVING,14.06,1:Recurred/Progressed
TCGA-BB-7872,TCGA-BB-7872-01,38.37,0:LIVING,38.37,0:DiseaseFree
TCGA-BB-8596,TCGA-BB-8596-01,70.99,0:LIVING,70.99,0:DiseaseFree
TCGA-BB-8601,TCGA-BB-8601-01,20.5,0:LIVING,20.5,1:Recurred/Progressed
TCGA-BB-A5HU,TCGA-BB-A5HU-01,25.69,0:LIVING,25.69,0:DiseaseFree
TCGA-BB-A5HY,TCGA-BB-A5HY-01,10.55,1:DECEASED,7.56,1:Recurred/Progressed
TCGA-BB-A5HZ,TCGA-BB-A5HZ-01,27.17,0:LIVING,14.39,1:Recurred/Progressed
TCGA-BB-A6UM,TCGA-BB-A6UM-01,12.91,0:LIVING,12.91,0:DiseaseFree
TCGA-BB-A6UO,TCGA-BB-A6UO-01,8.8,1:DECEASED,6.96,1:Recurred/Progressed
TCGA-C9-A47Z,TCGA-C9-A47Z-01,6.27,1:DECEASED,,
TCGA-C9-A480,TCGA-C9-A480-01,12.68,0:LIVING,12.68,0:DiseaseFree
TCGA-CN-4722,TCGA-CN-4722-01,48.72,0:LIVING,48.72,0:DiseaseFree
TCGA-CN-4723,TCGA-CN-4723-01,55.81,0:LIVING,55.81,0:DiseaseFree
TCGA-CN-4725,TCGA-CN-4725-01,38.01,0:LIVING,38.01,0:DiseaseFree
TCGA-CN-4726,TCGA-CN-4726-01,4.66,1:DECEASED,2.6,1:Recurred/Progressed
TCGA-CN-4727,TCGA-CN-4727-01,51.25,0:LIVING,51.25,0:DiseaseFree
TCGA-CN-4728,TCGA-CN-4728-01,56.64,0:LIVING,56.64,0:DiseaseFree
TCGA-CN-4729,TCGA-CN-4729-01,12.88,0:LIVING,12.88,0:DiseaseFree
TCGA-CN-4730,TCGA-CN-4730-01,26.84,0:LIVING,26.84,0:DiseaseFree
TCGA-CN-4731,TCGA-CN-4731-01,32.79,1:DECEASED,28.78,1:Recurred/Progressed
TCGA-CN-4733,TCGA-CN-4733-01,52.1,0:LIVING,52.1,0:DiseaseFree
TCGA-CN-4734,TCGA-CN-4734-01,55.52,0:LIVING,55.52,0:DiseaseFree
TCGA-CN-4735,TCGA-CN-4735-01,57.06,0:LIVING,57.06,0:DiseaseFree
TCGA-CN-4736,TCGA-CN-4736-01,12.98,1:DECEASED,6.87,1:Recurred/Progressed
TCGA-CN-4737,TCGA-CN-4737-01,20.53,0:LIVING,20.53,0:DiseaseFree
TCGA-CN-4738,TCGA-CN-4738-01,14.32,1:DECEASED,,
TCGA-CN-4739,TCGA-CN-4739-01,45.8,1:DECEASED,42.77,1:Recurred/Progressed
TCGA-CN-4740,TCGA-CN-4740-01,27.56,1:DECEASED,23.65,1:Recurred/Progressed
TCGA-CN-4741,TCGA-CN-4741-01,73.55,0:LIVING,71.22,1:Recurred/Progressed
TCGA-CN-4742,TCGA-CN-4742-01,13.04,1:DECEASED,,
TCGA-CN-5355,TCGA-CN-5355-01,41.98,0:LIVING,41.98,0:DiseaseFree
TCGA-CN-5356,TCGA-CN-5356-01,46.29,0:LIVING,46.29,0:DiseaseFree
TCGA-CN-5358,TCGA-CN-5358-01,8.57,1:DECEASED,4.76,1:Recurred/Progressed
TCGA-CN-5359,TCGA-CN-5359-01,12.39,1:DECEASED,11.7,1:Recurred/Progressed
TCGA-CN-5360,TCGA-CN-5360-01,71.25,0:LIVING,71.25,0:DiseaseFree
TCGA-CN-5361,TCGA-CN-5361-01,69.65,1:DECEASED,67.74,1:Recurred/Progressed
TCGA-CN-5363,TCGA-CN-5363-01,8.31,1:DECEASED,1.74,1:Recurred/Progressed
TCGA-CN-5364,TCGA-CN-5364-01,16.2,1:DECEASED,,
TCGA-CN-5365,TCGA-CN-5365-01,11.53,1:DECEASED,,
TCGA-CN-5366,TCGA-CN-5366-01,11.83,1:DECEASED,9.07,1:Recurred/Progressed
TCGA-CN-5367,TCGA-CN-5367-01,11.56,1:DECEASED,,
TCGA-CN-5369,TCGA-CN-5369-01,12.48,1:DECEASED,,
TCGA-CN-5370,TCGA-CN-5370-01,8.51,1:DECEASED,4.04,1:Recurred/Progressed
TCGA-CN-5373,TCGA-CN-5373-01,52.04,0:LIVING,52.04,0:DiseaseFree
TCGA-CN-5374,TCGA-CN-5374-01,56.9,1:DECEASED,44.97,1:Recurred/Progressed
TCGA-CN-6010,TCGA-CN-6010-01,50.03,0:LIVING,17.74,1:Recurred/Progressed
TCGA-CN-6011,TCGA-CN-6011-01,30.65,0:LIVING,30.65,0:DiseaseFree
TCGA-CN-6012,TCGA-CN-6012-01,47.96,0:LIVING,47.96,0:DiseaseFree
TCGA-CN-6013,TCGA-CN-6013-01,23.88,1:DECEASED,20.2,1:Recurred/Progressed
TCGA-CN-6016,TCGA-CN-6016-01,47.4,0:LIVING,47.4,0:DiseaseFree
TCGA-CN-6017,TCGA-CN-6017-01,28.02,1:DECEASED,,
TCGA-CN-6018,TCGA-CN-6018-01,19.05,1:DECEASED,,
TCGA-CN-6019,TCGA-CN-6019-01,34.1,0:LIVING,34.1,0:DiseaseFree
TCGA-CN-6020,TCGA-CN-6020-01,6.73,1:DECEASED,,
TCGA-CN-6021,TCGA-CN-6021-01,9.07,1:DECEASED,,
TCGA-CN-6022,TCGA-CN-6022-01,9.23,1:DECEASED,3.32,1:Recurred/Progressed
TCGA-CN-6023,TCGA-CN-6023-01,52.04,0:LIVING,52.04,0:DiseaseFree
TCGA-CN-6024,TCGA-CN-6024-01,11.07,1:DECEASED,5.12,1:Recurred/Progressed
TCGA-CN-6988,TCGA-CN-6988-01,10.45,0:LIVING,10.45,0:DiseaseFree
TCGA-CN-6989,TCGA-CN-6989-01,32.19,1:DECEASED,29.2,1:Recurred/Progressed
TCGA-CN-6992,TCGA-CN-6992-01,35.02,0:LIVING,35.02,0:DiseaseFree
TCGA-CN-6994,TCGA-CN-6994-01,38.86,0:LIVING,38.86,0:DiseaseFree
TCGA-CN-6995,TCGA-CN-6995-01,3.68,1:DECEASED,,
TCGA-CN-6996,TCGA-CN-6996-01,17.41,1:DECEASED,14.68,1:Recurred/Progressed
TCGA-CN-6997,TCGA-CN-6997-01,32.46,1:DECEASED,9.17,1:Recurred/Progressed
TCGA-CN-6998,TCGA-CN-6998-01,11.73,1:DECEASED,8.02,1:Recurred/Progressed
TCGA-CN-A497,TCGA-CN-A497-01,34.99,0:LIVING,34.99,0:DiseaseFree
TCGA-CN-A498,TCGA-CN-A498-01,25.39,1:DECEASED,18.17,1:Recurred/Progressed
TCGA-CN-A499,TCGA-CN-A499-01,23.55,0:LIVING,23.55,0:DiseaseFree
TCGA-CN-A49A,TCGA-CN-A49A-01,17.28,1:DECEASED,12.19,1:Recurred/Progressed
TCGA-CN-A49B,TCGA-CN-A49B-01,29.7,0:LIVING,29.7,0:DiseaseFree
TCGA-CN-A49C,TCGA-CN-A49C-01,21.19,0:LIVING,21.19,0:DiseaseFree
TCGA-CN-A63T,TCGA-CN-A63T-01,7.39,0:LIVING,7.39,0:DiseaseFree
TCGA-CN-A63U,TCGA-CN-A63U-01,31.67,0:LIVING,31.67,0:DiseaseFree
TCGA-CN-A63V,TCGA-CN-A63V-01,22.31,0:LIVING,22.31,0:DiseaseFree
TCGA-CN-A63W,TCGA-CN-A63W-01,12.39,1:DECEASED,,
TCGA-CN-A641,TCGA-CN-A641-01,12.06,0:LIVING,12.06,0:DiseaseFree
TCGA-CN-A642,TCGA-CN-A642-01,2.69,1:DECEASED,,
TCGA-CN-A6UY,TCGA-CN-A6UY-01,23.42,0:LIVING,23.42,0:DiseaseFree
TCGA-CN-A6V1,TCGA-CN-A6V1-01,19.81,0:LIVING,19.81,0:DiseaseFree
TCGA-CN-A6V3,TCGA-CN-A6V3-01,24.38,0:LIVING,24.38,0:DiseaseFree
TCGA-CN-A6V6,TCGA-CN-A6V6-01,20.86,0:LIVING,20.86,0:DiseaseFree
TCGA-CN-A6V7,TCGA-CN-A6V7-01,19.51,0:LIVING,19.51,0:DiseaseFree
TCGA-CQ-5323,TCGA-CQ-5323-01,48.16,0:LIVING,48.16,0:DiseaseFree
TCGA-CQ-5324,TCGA-CQ-5324-01,52.33,0:LIVING,52.33,0:DiseaseFree
TCGA-CQ-5325,TCGA-CQ-5325-01,21.48,1:DECEASED,19.35,1:Recurred/Progressed
TCGA-CQ-5326,TCGA-CQ-5326-01,2.92,1:DECEASED,,
TCGA-CQ-5327,TCGA-CQ-5327-01,54.53,0:LIVING,54.53,0:DiseaseFree
TCGA-CQ-5329,TCGA-CQ-5329-01,70.4,0:LIVING,70.4,0:DiseaseFree
TCGA-CQ-5330,TCGA-CQ-5330-01,62.32,0:LIVING,62.32,0:DiseaseFree
TCGA-CQ-5331,TCGA-CQ-5331-01,45.96,0:LIVING,45.96,0:DiseaseFree
TCGA-CQ-5332,TCGA-CQ-5332-01,10.41,1:DECEASED,,
TCGA-CQ-5333,TCGA-CQ-5333-01,11.2,1:DECEASED,5.78,1:Recurred/Progressed
TCGA-CQ-5334,TCGA-CQ-5334-01,4.24,1:DECEASED,1.64,1:Recurred/Progressed
TCGA-CQ-6218,TCGA-CQ-6218-01,41.16,0:LIVING,41.16,0:DiseaseFree
TCGA-CQ-6219,TCGA-CQ-6219-01,15.74,1:DECEASED,6.41,1:Recurred/Progressed
TCGA-CQ-6220,TCGA-CQ-6220-01,32.36,1:DECEASED,,
TCGA-CQ-6221,TCGA-CQ-6221-01,32.85,0:LIVING,32.85,0:DiseaseFree
TCGA-CQ-6222,TCGA-CQ-6222-01,66.23,0:LIVING,66.23,0:DiseaseFree
TCGA-CQ-6223,TCGA-CQ-6223-01,46.91,0:LIVING,46.91,0:DiseaseFree
TCGA-CQ-6224,TCGA-CQ-6224-01,56.54,0:LIVING,56.54,0:DiseaseFree
TCGA-CQ-6225,TCGA-CQ-6225-01,13.24,1:DECEASED,5.91,1:Recurred/Progressed
TCGA-CQ-6227,TCGA-CQ-6227-01,4.24,1:DECEASED,,
TCGA-CQ-6228,TCGA-CQ-6228-01,14.98,1:DECEASED,8.97,1:Recurred/Progressed
TCGA-CQ-6229,TCGA-CQ-6229-01,38.73,0:LIVING,38.73,0:DiseaseFree
TCGA-CQ-7063,TCGA-CQ-7063-01,70.07,0:LIVING,38.11,1:Recurred/Progressed
TCGA-CQ-7065,TCGA-CQ-7065-01,53.48,0:LIVING,7.56,1:Recurred/Progressed
TCGA-CQ-7067,TCGA-CQ-7067-01,16.72,0:LIVING,16.72,0:DiseaseFree
TCGA-CQ-7068,TCGA-CQ-7068-01,43,0:LIVING,37.71,1:Recurred/Progressed
TCGA-CQ-7069,TCGA-CQ-7069-01,41.85,0:LIVING,41.85,0:DiseaseFree
TCGA-CQ-7071,TCGA-CQ-7071-01,43.07,0:LIVING,43.07,0:DiseaseFree
TCGA-CQ-7072,TCGA-CQ-7072-01,77.5,0:LIVING,77.5,0:DiseaseFree
TCGA-CQ-A4C6,TCGA-CQ-A4C6-01,44.45,0:LIVING,44.45,0:DiseaseFree
TCGA-CQ-A4C7,TCGA-CQ-A4C7-01,11.6,1:DECEASED,6.8,1:Recurred/Progressed
TCGA-CQ-A4C9,TCGA-CQ-A4C9-01,23.23,0:LIVING,23.23,1:Recurred/Progressed
TCGA-CQ-A4CB,TCGA-CQ-A4CB-01,29.34,0:LIVING,29.34,0:DiseaseFree
TCGA-CQ-A4CD,TCGA-CQ-A4CD-01,33.57,0:LIVING,33.57,0:DiseaseFree
TCGA-CQ-A4CE,TCGA-CQ-A4CE-01,29.47,0:LIVING,29.47,0:DiseaseFree
TCGA-CQ-A4CG,TCGA-CQ-A4CG-01,14.13,1:DECEASED,11.5,1:Recurred/Progressed
TCGA-CQ-A4CH,TCGA-CQ-A4CH-01,12.45,1:DECEASED,11.63,1:Recurred/Progressed
TCGA-CQ-A4CI,TCGA-CQ-A4CI-01,31.21,0:LIVING,16.98,1:Recurred/Progressed
TCGA-CR-5243,TCGA-CR-5243-01,84.17,0:LIVING,84.17,0:DiseaseFree
TCGA-CR-5247,TCGA-CR-5247-01,11.76,0:LIVING,11.76,0:DiseaseFree
TCGA-CR-5248,TCGA-CR-5248-01,54.63,0:LIVING,36.7,1:Recurred/Progressed
TCGA-CR-5249,TCGA-CR-5249-01,37.84,0:LIVING,37.84,0:DiseaseFree
TCGA-CR-5250,TCGA-CR-5250-01,26.25,0:LIVING,26.25,0:DiseaseFree
TCGA-CR-6467,TCGA-CR-6467-01,58.38,0:LIVING,58.38,0:DiseaseFree
TCGA-CR-6470,TCGA-CR-6470-01,49.97,0:LIVING,49.97,0:DiseaseFree
TCGA-CR-6471,TCGA-CR-6471-01,39.49,1:DECEASED,33.41,1:Recurred/Progressed
TCGA-CR-6472,TCGA-CR-6472-01,34.49,0:LIVING,34.49,0:DiseaseFree
TCGA-CR-6473,TCGA-CR-6473-01,36.96,0:LIVING,36.96,0:DiseaseFree
TCGA-CR-6474,TCGA-CR-6474-01,18.53,1:DECEASED,7.23,1:Recurred/Progressed
TCGA-CR-6477,TCGA-CR-6477-01,16.89,0:LIVING,16.89,0:DiseaseFree
TCGA-CR-6478,TCGA-CR-6478-01,6.01,1:DECEASED,,
TCGA-CR-6480,TCGA-CR-6480-01,11.89,0:LIVING,11.89,0:DiseaseFree
TCGA-CR-6481,TCGA-CR-6481-01,10.22,0:LIVING,10.22,0:DiseaseFree
TCGA-CR-6482,TCGA-CR-6482-01,11.33,0:LIVING,11.33,0:DiseaseFree
TCGA-CR-6484,TCGA-CR-6484-01,11.63,0:LIVING,11.63,0:DiseaseFree
TCGA-CR-6487,TCGA-CR-6487-01,7.69,0:LIVING,7.69,0:DiseaseFree
TCGA-CR-6488,TCGA-CR-6488-01,12.45,0:LIVING,12.45,0:DiseaseFree
TCGA-CR-6491,TCGA-CR-6491-01,22.77,0:LIVING,16.39,1:Recurred/Progressed
TCGA-CR-6492,TCGA-CR-6492-01,15.74,0:LIVING,15.74,0:DiseaseFree
TCGA-CR-6493,TCGA-CR-6493-01,9.26,1:DECEASED,8.11,1:Recurred/Progressed
TCGA-CR-7364,TCGA-CR-7364-01,47.14,0:LIVING,47.14,0:DiseaseFree
TCGA-CR-7365,TCGA-CR-7365-01,39.13,0:LIVING,39.13,0:DiseaseFree
TCGA-CR-7367,TCGA-CR-7367-01,47.31,0:LIVING,47.31,0:DiseaseFree
TCGA-CR-7368,TCGA-CR-7368-01,40.9,0:LIVING,40.9,0:DiseaseFree
TCGA-CR-7369,TCGA-CR-7369-01,35.81,1:DECEASED,,
TCGA-CR-7370,TCGA-CR-7370-01,3.45,0:LIVING,3.45,0:DiseaseFree
TCGA-CR-7371,TCGA-CR-7371-01,3.09,1:DECEASED,,
TCGA-CR-7372,TCGA-CR-7372-01,24.93,0:LIVING,24.93,0:DiseaseFree
TCGA-CR-7373,TCGA-CR-7373-01,29.2,0:LIVING,29.2,0:DiseaseFree
TCGA-CR-7374,TCGA-CR-7374-01,0.99,0:LIVING,0.99,0:DiseaseFree
TCGA-CR-7376,TCGA-CR-7376-01,31.93,0:LIVING,31.93,0:DiseaseFree
TCGA-CR-7382,TCGA-CR-7382-01,26.15,0:LIVING,20.17,1:Recurred/Progressed
TCGA-CR-7383,TCGA-CR-7383-01,17.12,1:DECEASED,14.91,1:Recurred/Progressed
TCGA-CR-7385,TCGA-CR-7385-01,32.75,0:LIVING,32.75,0:DiseaseFree
TCGA-CR-7386,TCGA-CR-7386-01,46.98,0:LIVING,33.77,1:Recurred/Progressed
TCGA-CR-7388,TCGA-CR-7388-01,27.04,1:DECEASED,20.04,1:Recurred/Progressed
TCGA-CR-7389,TCGA-CR-7389-01,12.88,0:LIVING,12.88,0:DiseaseFree
TCGA-CR-7390,TCGA-CR-7390-01,49.54,0:LIVING,49.54,0:DiseaseFree
TCGA-CR-7391,TCGA-CR-7391-01,29.99,0:LIVING,29.99,0:DiseaseFree
TCGA-CR-7392,TCGA-CR-7392-01,46.81,0:LIVING,46.81,0:DiseaseFree
TCGA-CR-7393,TCGA-CR-7393-01,32.62,0:LIVING,32.62,0:DiseaseFree
TCGA-CR-7394,TCGA-CR-7394-01,44.22,0:LIVING,44.22,0:DiseaseFree
TCGA-CR-7395,TCGA-CR-7395-01,30.55,0:LIVING,30.55,0:DiseaseFree
TCGA-CR-7397,TCGA-CR-7397-01,24.77,0:LIVING,24.77,0:DiseaseFree
TCGA-CR-7398,TCGA-CR-7398-01,5.12,0:LIVING,5.12,0:DiseaseFree
TCGA-CR-7399,TCGA-CR-7399-01,5.95,0:LIVING,5.95,0:DiseaseFree
TCGA-CR-7401,TCGA-CR-7401-01,35.38,0:LIVING,35.38,0:DiseaseFree
TCGA-CR-7402,TCGA-CR-7402-01,29.93,0:LIVING,29.93,0:DiseaseFree
TCGA-CR-7404,TCGA-CR-7404-01,48.36,0:LIVING,32.82,1:Recurred/Progressed
TCGA-CV-5430,TCGA-CV-5430-01,139.32,0:LIVING,25.72,1:Recurred/Progressed
TCGA-CV-5431,TCGA-CV-5431-01,17.15,1:DECEASED,,
TCGA-CV-5432,TCGA-CV-5432-01,129.11,0:LIVING,129.11,0:DiseaseFree
TCGA-CV-5434,TCGA-CV-5434-01,108.87,1:DECEASED,61.07,1:Recurred/Progressed
TCGA-CV-5435,TCGA-CV-5435-01,76.18,1:DECEASED,9.33,1:Recurred/Progressed
TCGA-CV-5436,TCGA-CV-5436-01,19.19,1:DECEASED,,
TCGA-CV-5439,TCGA-CV-5439-01,17.94,1:DECEASED,6.93,1:Recurred/Progressed
TCGA-CV-5440,TCGA-CV-5440-01,107.42,0:LIVING,107.42,0:DiseaseFree
TCGA-CV-5441,TCGA-CV-5441-01,94.81,0:LIVING,94.81,0:DiseaseFree
TCGA-CV-5442,TCGA-CV-5442-01,76.45,0:LIVING,76.45,0:DiseaseFree
TCGA-CV-5443,TCGA-CV-5443-01,91.46,0:LIVING,91.46,0:DiseaseFree
TCGA-CV-5444,TCGA-CV-5444-01,80.06,0:LIVING,80.06,0:DiseaseFree
TCGA-CV-5966,TCGA-CV-5966-01,17.9,1:DECEASED,,
TCGA-CV-5970,TCGA-CV-5970-01,13.34,1:DECEASED,,
TCGA-CV-5971,TCGA-CV-5971-01,23.03,0:LIVING,23.03,0:DiseaseFree
TCGA-CV-5973,TCGA-CV-5973-01,86.76,0:LIVING,86.76,0:DiseaseFree
TCGA-CV-5976,TCGA-CV-5976-01,48.55,0:LIVING,48.55,0:DiseaseFree
TCGA-CV-5977,TCGA-CV-5977-01,60.45,0:LIVING,60.45,0:DiseaseFree
TCGA-CV-5978,TCGA-CV-5978-01,7.06,1:DECEASED,,
TCGA-CV-5979,TCGA-CV-5979-01,43.2,0:LIVING,43.2,0:DiseaseFree
TCGA-CV-6003,TCGA-CV-6003-01,54.7,0:LIVING,54.7,0:DiseaseFree
TCGA-CV-6433,TCGA-CV-6433-01,21.06,0:LIVING,21.06,0:DiseaseFree
TCGA-CV-6436,TCGA-CV-6436-01,62.39,0:LIVING,62.39,0:DiseaseFree
TCGA-CV-6441,TCGA-CV-6441-01,9.59,1:DECEASED,3.12,1:Recurred/Progressed
TCGA-CV-6933,TCGA-CV-6933-01,90.05,1:DECEASED,,
TCGA-CV-6934,TCGA-CV-6934-01,2.14,1:DECEASED,,
TCGA-CV-6935,TCGA-CV-6935-01,9.69,1:DECEASED,,
TCGA-CV-6936,TCGA-CV-6936-01,5.45,1:DECEASED,5.16,1:Recurred/Progressed
TCGA-CV-6937,TCGA-CV-6937-01,20.5,1:DECEASED,,
TCGA-CV-6938,TCGA-CV-6938-01,4.73,1:DECEASED,,
TCGA-CV-6939,TCGA-CV-6939-01,21.88,1:DECEASED,,
TCGA-CV-6940,TCGA-CV-6940-01,26.41,1:DECEASED,,
TCGA-CV-6941,TCGA-CV-6941-01,11.24,1:DECEASED,,
TCGA-CV-6942,TCGA-CV-6942-01,140.67,0:LIVING,140.67,0:DiseaseFree
TCGA-CV-6943,TCGA-CV-6943-01,19.78,1:DECEASED,,
TCGA-CV-6945,TCGA-CV-6945-01,12.02,1:DECEASED,,
TCGA-CV-6948,TCGA-CV-6948-01,42.35,1:DECEASED,,
TCGA-CV-6950,TCGA-CV-6950-01,15.08,1:DECEASED,8.48,1:Recurred/Progressed
TCGA-CV-6951,TCGA-CV-6951-01,30.06,1:DECEASED,,
TCGA-CV-6952,TCGA-CV-6952-01,6.08,1:DECEASED,,
TCGA-CV-6953,TCGA-CV-6953-01,53.91,1:DECEASED,49.97,1:Recurred/Progressed
TCGA-CV-6954,TCGA-CV-6954-01,65.77,1:DECEASED,,
TCGA-CV-6955,TCGA-CV-6955-01,10.97,1:DECEASED,,
TCGA-CV-6956,TCGA-CV-6956-01,7.13,1:DECEASED,,
TCGA-CV-6959,TCGA-CV-6959-01,8.41,1:DECEASED,3.38,1:Recurred/Progressed
TCGA-CV-6960,TCGA-CV-6960-01,28.32,1:DECEASED,,
TCGA-CV-6961,TCGA-CV-6961-01,2.5,1:DECEASED,,
TCGA-CV-6962,TCGA-CV-6962-01,4.14,1:DECEASED,,
TCGA-CV-7089,TCGA-CV-7089-01,64.78,1:DECEASED,,
TCGA-CV-7090,TCGA-CV-7090-01,172.54,0:LIVING,172.54,0:DiseaseFree
TCGA-CV-7091,TCGA-CV-7091-01,111.07,0:LIVING,111.07,0:DiseaseFree
TCGA-CV-7095,TCGA-CV-7095-01,18.79,1:DECEASED,,
TCGA-CV-7097,TCGA-CV-7097-01,12.65,1:DECEASED,,
TCGA-CV-7099,TCGA-CV-7099-01,7.98,1:DECEASED,,
TCGA-CV-7100,TCGA-CV-7100-01,9,1:DECEASED,,
TCGA-CV-7101,TCGA-CV-7101-01,5.26,1:DECEASED,,
TCGA-CV-7102,TCGA-CV-7102-01,1.84,1:DECEASED,,
TCGA-CV-7103,TCGA-CV-7103-01,52.27,1:DECEASED,,
TCGA-CV-7104,TCGA-CV-7104-01,12.91,1:DECEASED,,
TCGA-CV-7177,TCGA-CV-7177-01,21.78,1:DECEASED,,
TCGA-CV-7178,TCGA-CV-7178-01,71.16,1:DECEASED,,
TCGA-CV-7180,TCGA-CV-7180-01,10.74,1:DECEASED,,
TCGA-CV-7183,TCGA-CV-7183-01,130.78,0:LIVING,130.78,0:DiseaseFree
TCGA-CV-7235,TCGA-CV-7235-01,77.1,0:LIVING,77.1,0:DiseaseFree
TCGA-CV-7236,TCGA-CV-7236-01,4.73,1:DECEASED,,
TCGA-CV-7238,TCGA-CV-7238-01,89.59,0:LIVING,89.59,0:DiseaseFree
TCGA-CV-7242,TCGA-CV-7242-01,35.97,0:LIVING,35.97,0:DiseaseFree
TCGA-CV-7243,TCGA-CV-7243-01,31.34,0:LIVING,31.34,0:DiseaseFree
TCGA-CV-7245,TCGA-CV-7245-01,26.18,0:LIVING,26.18,0:DiseaseFree
TCGA-CV-7247,TCGA-CV-7247-01,18.96,1:DECEASED,,
TCGA-CV-7248,TCGA-CV-7248-01,17.12,1:DECEASED,,
TCGA-CV-7250,TCGA-CV-7250-01,95.27,1:DECEASED,3.65,1:Recurred/Progressed
TCGA-CV-7252,TCGA-CV-7252-01,4.96,1:DECEASED,,
TCGA-CV-7253,TCGA-CV-7253-01,11.86,1:DECEASED,,
TCGA-CV-7254,TCGA-CV-7254-01,47.93,1:DECEASED,,
TCGA-CV-7255,TCGA-CV-7255-01,2.1,1:DECEASED,,
TCGA-CV-7261,TCGA-CV-7261-01,49.67,0:LIVING,49.67,0:DiseaseFree
TCGA-CV-7263,TCGA-CV-7263-01,18.4,1:DECEASED,,
TCGA-CV-7406,TCGA-CV-7406-01,57.42,1:DECEASED,,
TCGA-CV-7407,TCGA-CV-7407-01,35.51,1:DECEASED,,
TCGA-CV-7409,TCGA-CV-7409-01,17.84,1:DECEASED,,
TCGA-CV-7410,TCGA-CV-7410-01,210.81,1:DECEASED,,
TCGA-CV-7411,TCGA-CV-7411-01,89.26,1:DECEASED,,
TCGA-CV-7413,TCGA-CV-7413-01,9.66,1:DECEASED,,
TCGA-CV-7414,TCGA-CV-7414-01,0.46,1:DECEASED,,
TCGA-CV-7415,TCGA-CV-7415-01,22.83,1:DECEASED,,
TCGA-CV-7416,TCGA-CV-7416-01,25.07,1:DECEASED,,
TCGA-CV-7418,TCGA-CV-7418-01,25.92,1:DECEASED,16.23,1:Recurred/Progressed
TCGA-CV-7421,TCGA-CV-7421-01,0.07,1:DECEASED,,
TCGA-CV-7422,TCGA-CV-7422-01,34.07,1:DECEASED,24.08,1:Recurred/Progressed
TCGA-CV-7423,TCGA-CV-7423-01,100.49,1:DECEASED,,
TCGA-CV-7424,TCGA-CV-7424-01,14.88,1:DECEASED,,
TCGA-CV-7425,TCGA-CV-7425-01,56.44,1:DECEASED,,
TCGA-CV-7427,TCGA-CV-7427-01,156.37,1:DECEASED,107.82,1:Recurred/Progressed
TCGA-CV-7428,TCGA-CV-7428-01,54.89,1:DECEASED,,
TCGA-CV-7429,TCGA-CV-7429-01,3.52,1:DECEASED,,
TCGA-CV-7430,TCGA-CV-7430-01,16.26,1:DECEASED,,
TCGA-CV-7432,TCGA-CV-7432-01,84.43,1:DECEASED,,
TCGA-CV-7433,TCGA-CV-7433-01,19.74,1:DECEASED,19.19,1:Recurred/Progressed
TCGA-CV-7434,TCGA-CV-7434-01,7.16,1:DECEASED,,
TCGA-CV-7435,TCGA-CV-7435-01,153.75,1:DECEASED,,
TCGA-CV-7437,TCGA-CV-7437-01,16.62,1:DECEASED,,
TCGA-CV-7438,TCGA-CV-7438-01,6.37,1:DECEASED,,
TCGA-CV-7440,TCGA-CV-7440-01,22.17,1:DECEASED,,
TCGA-CV-7446,TCGA-CV-7446-01,35.91,1:DECEASED,,
TCGA-CV-7568,TCGA-CV-7568-01,30.45,1:DECEASED,,
TCGA-CV-A45O,TCGA-CV-A45O-01,27.96,0:LIVING,27.96,0:DiseaseFree
TCGA-CV-A45P,TCGA-CV-A45P-01,20.99,0:LIVING,20.99,1:Recurred/Progressed
TCGA-CV-A45Q,TCGA-CV-A45Q-01,169.25,1:DECEASED,,
TCGA-CV-A45R,TCGA-CV-A45R-01,180.03,0:LIVING,180.03,0:DiseaseFree
TCGA-CV-A45T,TCGA-CV-A45T-01,159.53,1:DECEASED,,
TCGA-CV-A45U,TCGA-CV-A45U-01,35.45,1:DECEASED,34.95,1:Recurred/Progressed
TCGA-CV-A45V,TCGA-CV-A45V-01,1.05,1:DECEASED,,
TCGA-CV-A45W,TCGA-CV-A45W-01,45.93,1:DECEASED,,
TCGA-CV-A45X,TCGA-CV-A45X-01,6.5,1:DECEASED,,
TCGA-CV-A45Y,TCGA-CV-A45Y-01,88.8,1:DECEASED,76.15,1:Recurred/Progressed
TCGA-CV-A45Z,TCGA-CV-A45Z-01,48.16,1:DECEASED,,
TCGA-CV-A460,TCGA-CV-A460-01,60.38,1:DECEASED,46.81,1:Recurred/Progressed
TCGA-CV-A461,TCGA-CV-A461-01,67.81,1:DECEASED,,
TCGA-CV-A463,TCGA-CV-A463-01,0.76,1:DECEASED,,
TCGA-CV-A464,TCGA-CV-A464-01,56.57,0:LIVING,0.92,1:Recurred/Progressed
TCGA-CV-A465,TCGA-CV-A465-01,7.06,1:DECEASED,,
TCGA-CV-A468,TCGA-CV-A468-01,15.24,1:DECEASED,,
TCGA-CV-A6JD,TCGA-CV-A6JD-01,5.98,1:DECEASED,,
TCGA-CV-A6JE,TCGA-CV-A6JE-01,35.32,0:LIVING,35.32,0:DiseaseFree
TCGA-CV-A6JM,TCGA-CV-A6JM-01,6.37,1:DECEASED,3.52,1:Recurred/Progressed
TCGA-CV-A6JN,TCGA-CV-A6JN-01,29.76,0:LIVING,29.76,0:DiseaseFree
TCGA-CV-A6JO,TCGA-CV-A6JO-01,6.47,1:DECEASED,4.17,1:Recurred/Progressed
TCGA-CV-A6JT,TCGA-CV-A6JT-01,27.99,0:LIVING,27.99,0:DiseaseFree
TCGA-CV-A6JU,TCGA-CV-A6JU-01,3.61,0:LIVING,3.61,0:DiseaseFree
TCGA-CV-A6JY,TCGA-CV-A6JY-01,21.22,0:LIVING,21.22,0:DiseaseFree
TCGA-CV-A6JZ,TCGA-CV-A6JZ-01,23.46,0:LIVING,12.91,1:Recurred/Progressed
TCGA-CV-A6K0,TCGA-CV-A6K0-01,19.91,0:LIVING,4.8,1:Recurred/Progressed
TCGA-CV-A6K1,TCGA-CV-A6K1-01,22.5,0:LIVING,13.17,1:Recurred/Progressed
TCGA-CV-A6K2,TCGA-CV-A6K2-01,10.41,1:DECEASED,4.4,1:Recurred/Progressed
TCGA-CX-7082,TCGA-CX-7082-01,0.36,1:DECEASED,,
TCGA-CX-7085,TCGA-CX-7085-01,10.55,0:LIVING,10.12,1:Recurred/Progressed
TCGA-CX-7086,TCGA-CX-7086-01,18.82,0:LIVING,18.82,0:DiseaseFree
TCGA-CX-7219,TCGA-CX-7219-01,34.33,0:LIVING,34.33,0:DiseaseFree
TCGA-CX-A4AQ,TCGA-CX-A4AQ-01,51.08,0:LIVING,51.08,0:DiseaseFree
TCGA-D6-6515,TCGA-D6-6515-01,13.24,1:DECEASED,6.41,1:Recurred/Progressed
TCGA-D6-6516,TCGA-D6-6516-01,25.39,0:LIVING,25.39,0:DiseaseFree
TCGA-D6-6517,TCGA-D6-6517-01,9.59,0:LIVING,5.29,1:Recurred/Progressed
TCGA-D6-6823,TCGA-D6-6823-01,23.03,0:LIVING,23.03,0:DiseaseFree
TCGA-D6-6824,TCGA-D6-6824-01,2.53,0:LIVING,2.53,0:DiseaseFree
TCGA-D6-6825,TCGA-D6-6825-01,16.13,0:LIVING,16.13,0:DiseaseFree
TCGA-D6-6826,TCGA-D6-6826-01,11.43,1:DECEASED,,
TCGA-D6-6827,TCGA-D6-6827-01,18.66,0:LIVING,18.66,0:DiseaseFree
TCGA-D6-8568,TCGA-D6-8568-01,24.93,0:LIVING,24.93,0:DiseaseFree
TCGA-D6-8569,TCGA-D6-8569-01,25.3,0:LIVING,25.3,0:DiseaseFree
TCGA-D6-A4Z9,TCGA-D6-A4Z9-01,17.71,0:LIVING,17.71,0:DiseaseFree
TCGA-D6-A4ZB,TCGA-D6-A4ZB-01,12.35,0:LIVING,12.35,0:DiseaseFree
TCGA-D6-A6EK,TCGA-D6-A6EK-01,28.75,0:LIVING,28.75,0:DiseaseFree
TCGA-D6-A6EM,TCGA-D6-A6EM-01,7.62,0:LIVING,7.62,1:Recurred/Progressed
TCGA-D6-A6EN,TCGA-D6-A6EN-01,22.57,0:LIVING,22.57,0:DiseaseFree
TCGA-D6-A6EO,TCGA-D6-A6EO-01,24.93,0:LIVING,24.93,0:DiseaseFree
TCGA-D6-A6EP,TCGA-D6-A6EP-01,13.93,0:LIVING,13.93,0:DiseaseFree
TCGA-D6-A6EQ,TCGA-D6-A6EQ-01,12.09,0:LIVING,12.09,0:DiseaseFree
TCGA-D6-A6ES,TCGA-D6-A6ES-01,12.78,0:LIVING,12.78,0:DiseaseFree
TCGA-D6-A74Q,TCGA-D6-A74Q-01,23.32,0:LIVING,23.32,0:DiseaseFree
TCGA-DQ-5624,TCGA-DQ-5624-01,58.41,0:LIVING,58.41,0:DiseaseFree
TCGA-DQ-5625,TCGA-DQ-5625-01,37.22,1:DECEASED,34.76,1:Recurred/Progressed
TCGA-DQ-5629,TCGA-DQ-5629-01,30.91,1:DECEASED,,
TCGA-DQ-5630,TCGA-DQ-5630-01,33.84,0:LIVING,33.84,0:DiseaseFree
TCGA-DQ-5631,TCGA-DQ-5631-01,18,1:DECEASED,14.68,1:Recurred/Progressed
TCGA-DQ-7588,TCGA-DQ-7588-01,14.03,1:DECEASED,10.61,1:Recurred/Progressed
TCGA-DQ-7589,TCGA-DQ-7589-01,46.29,0:LIVING,46.29,0:DiseaseFree
TCGA-DQ-7590,TCGA-DQ-7590-01,46.42,0:LIVING,46.42,0:DiseaseFree
TCGA-DQ-7591,TCGA-DQ-7591-01,20.43,0:LIVING,20.43,0:DiseaseFree
TCGA-DQ-7592,TCGA-DQ-7592-01,37.55,0:LIVING,37.55,0:DiseaseFree
TCGA-DQ-7593,TCGA-DQ-7593-01,40.21,0:LIVING,40.21,0:DiseaseFree
TCGA-DQ-7594,TCGA-DQ-7594-01,40.01,0:LIVING,35.61,1:Recurred/Progressed
TCGA-DQ-7595,TCGA-DQ-7595-01,39.09,0:LIVING,39.09,0:DiseaseFree
TCGA-DQ-7596,TCGA-DQ-7596-01,41.56,0:LIVING,4.5,1:Recurred/Progressed
TCGA-F7-7848,TCGA-F7-7848-01,37.16,0:LIVING,37.16,0:DiseaseFree
TCGA-F7-8298,TCGA-F7-8298-01,32.69,0:LIVING,32.69,0:DiseaseFree
TCGA-F7-8489,TCGA-F7-8489-01,21.62,0:LIVING,21.62,0:DiseaseFree
TCGA-F7-A50G,TCGA-F7-A50G-01,20.24,0:LIVING,20.24,0:DiseaseFree
TCGA-F7-A50I,TCGA-F7-A50I-01,3.02,0:LIVING,3.02,0:DiseaseFree
TCGA-F7-A50J,TCGA-F7-A50J-01,31.11,0:LIVING,31.11,0:DiseaseFree
TCGA-F7-A61S,TCGA-F7-A61S-01,18.92,0:LIVING,7,1:Recurred/Progressed
TCGA-F7-A61V,TCGA-F7-A61V-01,24.93,0:LIVING,24.93,0:DiseaseFree
TCGA-F7-A61W,TCGA-F7-A61W-01,0.46,0:LIVING,0.46,0:DiseaseFree
TCGA-F7-A620,TCGA-F7-A620-01,17.84,0:LIVING,17.84,0:DiseaseFree
TCGA-F7-A622,TCGA-F7-A622-01,11.79,1:DECEASED,,
TCGA-F7-A623,TCGA-F7-A623-01,20.24,0:LIVING,20.24,0:DiseaseFree
TCGA-F7-A624,TCGA-F7-A624-01,12.42,0:LIVING,12.42,0:DiseaseFree
TCGA-H7-7774,TCGA-H7-7774-01,13.37,0:LIVING,8.28,1:Recurred/Progressed
TCGA-H7-8501,TCGA-H7-8501-01,15.14,0:LIVING,15.14,0:DiseaseFree
TCGA-H7-8502,TCGA-H7-8502-01,15.05,0:LIVING,15.05,0:DiseaseFree
TCGA-H7-A76A,TCGA-H7-A76A-01,20.93,0:LIVING,20.93,0:DiseaseFree
TCGA-HD-7229,TCGA-HD-7229-01,33.74,0:LIVING,5.32,1:Recurred/Progressed
TCGA-HD-7753,TCGA-HD-7753-01,28.45,0:LIVING,28.45,0:DiseaseFree
TCGA-HD-7754,TCGA-HD-7754-01,25.72,0:LIVING,25.72,0:DiseaseFree
TCGA-HD-7831,TCGA-HD-7831-01,21.91,0:LIVING,21.91,1:Recurred/Progressed
TCGA-HD-7832,TCGA-HD-7832-01,27.46,0:LIVING,27.46,0:DiseaseFree
TCGA-HD-7917,TCGA-HD-7917-01,27.46,1:DECEASED,,
TCGA-HD-8224,TCGA-HD-8224-01,14.65,1:DECEASED,5.62,1:Recurred/Progressed
TCGA-HD-8314,TCGA-HD-8314-01,22.01,0:LIVING,22.01,0:DiseaseFree
TCGA-HD-8634,TCGA-HD-8634-01,12.65,1:DECEASED,,
TCGA-HD-8635,TCGA-HD-8635-01,22.83,0:LIVING,22.83,0:DiseaseFree
TCGA-HD-A4C1,TCGA-HD-A4C1-01,0.36,0:LIVING,0.36,0:DiseaseFree
TCGA-HD-A633,TCGA-HD-A633-01,13.83,0:LIVING,13.76,1:Recurred/Progressed
TCGA-HD-A634,TCGA-HD-A634-01,4.27,1:DECEASED,,
TCGA-HD-A6HZ,TCGA-HD-A6HZ-01,3.65,0:LIVING,3.65,0:DiseaseFree
TCGA-HD-A6I0,TCGA-HD-A6I0-01,6.9,0:LIVING,6.9,0:DiseaseFree
TCGA-HL-7533,TCGA-HL-7533-01,34.72,0:LIVING,34.72,0:DiseaseFree
TCGA-IQ-7630,TCGA-IQ-7630-01,15.93,0:LIVING,15.93,0:DiseaseFree
TCGA-IQ-7631,TCGA-IQ-7631-01,38.5,0:LIVING,38.5,0:DiseaseFree
TCGA-IQ-7632,TCGA-IQ-7632-01,14.49,0:LIVING,14.49,0:DiseaseFree
TCGA-IQ-A61E,TCGA-IQ-A61E-01,37.68,0:LIVING,37.68,0:DiseaseFree
TCGA-IQ-A61G,TCGA-IQ-A61G-01,11.83,0:LIVING,8.18,1:Recurred/Progressed
TCGA-IQ-A61H,TCGA-IQ-A61H-01,37.39,0:LIVING,37.39,0:DiseaseFree
TCGA-IQ-A61I,TCGA-IQ-A61I-01,0.07,1:DECEASED,,
TCGA-IQ-A61J,TCGA-IQ-A61J-01,33.54,0:LIVING,33.54,0:DiseaseFree
TCGA-IQ-A61O,TCGA-IQ-A61O-01,13.83,1:DECEASED,,
TCGA-IQ-A6SG,TCGA-IQ-A6SG-01,19.02,0:LIVING,19.02,0:DiseaseFree
TCGA-IQ-A6SH,TCGA-IQ-A6SH-01,15.47,0:LIVING,15.47,0:DiseaseFree
TCGA-KU-A66S,TCGA-KU-A66S-01,13.34,1:DECEASED,12.78,1:Recurred/Progressed
TCGA-KU-A66T,TCGA-KU-A66T-01,18.13,0:LIVING,18.13,1:Recurred/Progressed
TCGA-KU-A6H7,TCGA-KU-A6H7-01,19.25,0:LIVING,19.25,0:DiseaseFree
TCGA-KU-A6H8,TCGA-KU-A6H8-01,10.74,1:DECEASED,3.61,1:Recurred/Progressed
TCGA-MT-A51W,TCGA-MT-A51W-01,14.36,0:LIVING,14.36,0:DiseaseFree
TCGA-MT-A51X,TCGA-MT-A51X-01,7.95,0:LIVING,7.95,0:DiseaseFree
TCGA-MT-A67A,TCGA-MT-A67A-01,30.03,0:LIVING,30.03,0:DiseaseFree
TCGA-MT-A67D,TCGA-MT-A67D-01,1.84,0:LIVING,1.84,0:DiseaseFree
TCGA-MT-A67F,TCGA-MT-A67F-01,12.61,0:LIVING,12.61,0:DiseaseFree
TCGA-MT-A7BN,TCGA-MT-A7BN-01,15.41,0:LIVING,5.88,1:Recurred/Progressed
TCGA-MZ-A5BI,TCGA-MZ-A5BI-01,7.13,1:DECEASED,,
TCGA-MZ-A6I9,TCGA-MZ-A6I9-01,16.06,1:DECEASED,15.87,1:Recurred/Progressed
TCGA-MZ-A7D7,TCGA-MZ-A7D7-01,17.97,0:LIVING,11.14,1:Recurred/Progressed
TCGA-P3-A5Q5,TCGA-P3-A5Q5-01,29.89,0:LIVING,29.89,0:DiseaseFree
TCGA-P3-A5Q6,TCGA-P3-A5Q6-01,15.77,1:DECEASED,12.22,1:Recurred/Progressed
TCGA-P3-A5QA,TCGA-P3-A5QA-01,71.68,0:LIVING,52.6,1:Recurred/Progressed
TCGA-P3-A5QE,TCGA-P3-A5QE-01,51.22,0:LIVING,51.22,0:DiseaseFree
TCGA-P3-A5QF,TCGA-P3-A5QF-01,10.84,1:DECEASED,4.6,1:Recurred/Progressed
TCGA-P3-A6SW,TCGA-P3-A6SW-01,36.79,0:LIVING,36.79,0:DiseaseFree
TCGA-P3-A6SX,TCGA-P3-A6SX-01,46.98,1:DECEASED,,
TCGA-P3-A6T0,TCGA-P3-A6T0-01,18.99,0:LIVING,11.99,1:Recurred/Progressed
TCGA-P3-A6T2,TCGA-P3-A6T2-01,75.49,0:LIVING,75.49,0:DiseaseFree
TCGA-P3-A6T3,TCGA-P3-A6T3-01,18.96,1:DECEASED,7.95,1:Recurred/Progressed
TCGA-P3-A6T4,TCGA-P3-A6T4-01,2.04,1:DECEASED,,
TCGA-P3-A6T5,TCGA-P3-A6T5-01,28.98,1:DECEASED,18.96,1:Recurred/Progressed
TCGA-P3-A6T6,TCGA-P3-A6T6-01,12.98,1:DECEASED,8.97,1:Recurred/Progressed
TCGA-P3-A6T7,TCGA-P3-A6T7-01,16,1:DECEASED,,
TCGA-P3-A6T8,TCGA-P3-A6T8-01,13.14,0:LIVING,13.14,0:DiseaseFree
TCGA-QK-A64Z,TCGA-QK-A64Z-01,21.06,1:DECEASED,18.17,1:Recurred/Progressed
TCGA-QK-A652,TCGA-QK-A652-01,21.19,0:LIVING,21.19,0:DiseaseFree
TCGA-QK-A6IF,TCGA-QK-A6IF-01,23.13,0:LIVING,16.49,1:Recurred/Progressed
TCGA-QK-A6IG,TCGA-QK-A6IG-01,7.29,1:DECEASED,5.55,1:Recurred/Progressed
TCGA-QK-A6IH,TCGA-QK-A6IH-01,21.45,0:LIVING,8.15,1:Recurred/Progressed
TCGA-QK-A6II,TCGA-QK-A6II-01,9.33,1:DECEASED,5.78,1:Recurred/Progressed
TCGA-QK-A6IJ,TCGA-QK-A6IJ-01,12.71,0:LIVING,12.71,0:DiseaseFree
TCGA-QK-A6V9,TCGA-QK-A6V9-01,27.37,0:LIVING,27.37,0:DiseaseFree
TCGA-QK-A6VB,TCGA-QK-A6VB-01,21.06,0:LIVING,20.14,1:Recurred/Progressed
TCGA-QK-A6VC,TCGA-QK-A6VC-01,19.71,0:LIVING,19.71,0:DiseaseFree
TCGA-QK-A8Z7,TCGA-QK-A8Z7-01,12.88,0:LIVING,12.88,0:DiseaseFree
TCGA-QK-A8Z8,TCGA-QK-A8Z8-01,5.62,1:DECEASED,,
TCGA-QK-A8Z9,TCGA-QK-A8Z9-01,14.75,1:DECEASED,6.73,1:Recurred/Progressed
TCGA-QK-A8ZA,TCGA-QK-A8ZA-01,12.19,1:DECEASED,,
TCGA-QK-A8ZB,TCGA-QK-A8ZB-01,17.81,0:LIVING,17.81,0:DiseaseFree
TCGA-QK-AA3J,TCGA-QK-AA3J-01,15.31,0:LIVING,15.31,0:DiseaseFree
TCGA-QK-AA3K,TCGA-QK-AA3K-01,8.31,0:LIVING,8.31,0:DiseaseFree
TCGA-RS-A6TO,TCGA-RS-A6TO-01,12.71,1:DECEASED,11.1,1:Recurred/Progressed
TCGA-RS-A6TP,TCGA-RS-A6TP-01,16.95,0:LIVING,16.95,0:DiseaseFree
TCGA-T2-A6WX,TCGA-T2-A6WX-01,6.87,1:DECEASED,,
TCGA-T2-A6WZ,TCGA-T2-A6WZ-01,15.9,1:DECEASED,7.52,1:Recurred/Progressed
TCGA-T2-A6X0,TCGA-T2-A6X0-01,7.1,0:LIVING,7.1,0:DiseaseFree
TCGA-T2-A6X2,TCGA-T2-A6X2-01,32.42,0:LIVING,32.42,0:DiseaseFree
TCGA-T3-A92M,TCGA-T3-A92M-01,13.7,0:LIVING,13.7,1:Recurred/Progressed
TCGA-T3-A92N,TCGA-T3-A92N-01,3.12,1:DECEASED,1.51,1:Recurred/Progressed
TCGA-TN-A7HI,TCGA-TN-A7HI-01,13.53,0:LIVING,13.53,0:DiseaseFree
TCGA-TN-A7HJ,TCGA-TN-A7HJ-01,13.24,0:LIVING,13.24,0:DiseaseFree
TCGA-TN-A7HL,TCGA-TN-A7HL-01,20.34,0:LIVING,20.34,0:DiseaseFree
TCGA-UF-A718,TCGA-UF-A718-01,64.75,0:LIVING,64.75,0:DiseaseFree
TCGA-UF-A719,TCGA-UF-A719-01,54.63,0:LIVING,54.63,0:DiseaseFree
TCGA-UF-A71A,TCGA-UF-A71A-01,2.83,1:DECEASED,,
TCGA-UF-A71B,TCGA-UF-A71B-01,49.47,0:LIVING,49.47,0:DiseaseFree
TCGA-UF-A71D,TCGA-UF-A71D-01,48,0:LIVING,48,0:DiseaseFree
TCGA-UF-A71E,TCGA-UF-A71E-01,49.41,1:DECEASED,,
TCGA-UF-A7J9,TCGA-UF-A7J9-01,44.61,0:LIVING,44.61,0:DiseaseFree
TCGA-UF-A7JA,TCGA-UF-A7JA-01,74.41,0:LIVING,74.41,0:DiseaseFree
TCGA-UF-A7JC,TCGA-UF-A7JC-01,17.94,1:DECEASED,7.52,1:Recurred/Progressed
TCGA-UF-A7JD,TCGA-UF-A7JD-01,24.28,1:DECEASED,,
TCGA-UF-A7JF,TCGA-UF-A7JF-01,55.39,0:LIVING,55.39,0:DiseaseFree
TCGA-UF-A7JH,TCGA-UF-A7JH-01,29.43,0:LIVING,29.43,0:DiseaseFree
TCGA-UF-A7JJ,TCGA-UF-A7JJ-01,18.04,0:LIVING,18.04,0:DiseaseFree
TCGA-UF-A7JK,TCGA-UF-A7JK-01,13.93,1:DECEASED,11.2,1:Recurred/Progressed
TCGA-UF-A7JO,TCGA-UF-A7JO-01,20.73,1:DECEASED,17.25,1:Recurred/Progressed
TCGA-UF-A7JS,TCGA-UF-A7JS-01,22.34,1:DECEASED,17.05,1:Recurred/Progressed
TCGA-UF-A7JT,TCGA-UF-A7JT-01,32.62,1:DECEASED,23.59,1:Recurred/Progressed
TCGA-UF-A7JV,TCGA-UF-A7JV-01,2.96,1:DECEASED,1.81,1:Recurred/Progressed
TCGA-UP-A6WW,TCGA-UP-A6WW-01,17.02,0:LIVING,17.02,0:DiseaseFree
TCGA-WA-A7GZ,TCGA-WA-A7GZ-01,20.53,1:DECEASED,,
TCGA-WA-A7H4,TCGA-WA-A7H4-01,14.55,0:LIVING,14.55,0:DiseaseFree
