GSM_Sample_ID,OS_months,Event,Score_lambda_min,Score_lambda_1se,Score_Toustrup,Score_Eustace,Score_Lendahl,Score_RSI
GSM1607684,36.136662286465175,0,-0.4619428957955259,-0.3664332424894814,-1.1007096704001937,-2.0777161633328003,-0.6574691331032678,0.14965809999999985
GSM1607685,60.282522996057814,0,-0.3061957639304283,-0.14743909870803484,0.16283633575171644,-1.0454247242723473,0.2960848319431313,0.26802479999999995
GSM1607686,78.61366622864651,1,-1.0614764344399341,-0.34783548445603174,-0.34272664251967616,0.34800129840719596,0.005853832931474478,0.26390839999999993
GSM1607687,39.81603153745072,0,0.21449939540879184,-0.0060583763633025815,0.28261189696685124,1.5848142354053194,0.10848627921706426,0.25932349999999993
GSM1607688,32.42444152431012,1,0.013592715384010846,-0.22489365870735303,-0.4530326526642054,-0.6452542341495777,0.02245800107930323,0.1541094999999999
GSM1607689,63.69908015768725,1,-0.07618654131479674,-0.11537712520717709,-0.5442500019883567,-0.05679849368639332,-0.22499458648996049,0.25792460000000006
GSM1607690,43.659658344283834,0,-0.5387115976763378,-0.4463722169025812,-0.4876526441864089,0.14793773484463274,-0.43616532814913794,0.26802479999999995
GSM1607691,30.913272010512483,0,0.1866386382982019,0.1480880422582213,0.5877177900109302,0.5824459202842519,0.7196865829736288,0.37404150000000014
GSM1607692,40.53876478318003,0,0.4995632174443593,0.40311912739186645,0.6414223068900151,1.7976097178419805,0.3371689239870818,0.2845567000000001
GSM1607693,33.63994743758213,0,0.19200067885718358,0.3236040791016246,0.08105766509319697,-0.43003930457707096,-0.17511721112663273,0.40493750000000006
GSM1607694,29.040735873850196,0,-0.008279190699611855,0.015716801062658308,-0.2641524910962991,-1.2235828973028084,-0.42333212670719944,0.26926590000000006
GSM1607695,33.5742444152431,0,0.1933625385103779,-0.10059031777769512,-0.08724176637708916,-0.3791751036322153,0.1017682389211256,0.3776461
GSM1607696,35.2496714848883,1,0.7342804996500929,0.40361729757304654,0.5016815599162056,0.3201469696687964,0.25385831614319504,0.26138169999999994
GSM1607697,42.34559789750328,0,-0.17523430094702847,0.015020892784298143,-0.5599561735279155,-0.8171870496603196,-0.4564815002830054,0.21263849999999995
GSM1607698,35.019710906701704,1,0.1302457814556695,0.1087527774743866,-0.013128971655667362,-0.10625725917116101,0.005964327211545033,0.43411690000000003
GSM1607699,34.09986859395532,0,-0.5956283965960337,-0.34539337671593007,-0.5558724455190714,0.38023865723541117,-0.601017789233692,0.1656284
GSM1607700,18.85676741130092,1,0.8427187024852236,0.4403126813278756,1.0801968764306622,0.6258525363311231,0.7186605607662535,0.27195040000000004
GSM1607701,73.58738501971091,1,-1.0157819802224706,-0.6366219754177166,-0.9038250182066964,-1.4580206577545478,-0.55863582259999,0.5274367999999998
GSM1607702,58.67279894875164,0,-0.49089405312680995,-0.18094998846512417,0.6855294706310712,0.3152288785944676,0.5297081787674569,0.1527105999999998
GSM1607703,59.855453350854134,0,-0.4490408126890695,-0.0492840689622132,0.47117500978170107,0.5823852067099201,0.16818504452017102,0.18305089999999985
GSM1607704,19.54664914586071,1,0.3668710984137519,0.2172314382876471,0.5922982549821678,0.6803764498231969,0.5434547722916583,0.25932349999999993
GSM1607705,32.95006570302234,0,0.5259421491934992,0.30900722005628345,0.2975520955566399,0.3446022133589653,0.16456301337616613,0.25932349999999993
GSM1607706,34.75689881734559,0,-0.4323470432346568,-0.14673059468415994,-0.21725080293800259,-1.51717426082264,-0.4104502735361884,0.33457519999999996
GSM1607707,37.746386333771355,0,0.013881956659338656,-0.11269662237617614,-0.4386334658251192,0.5846910128384245,0.15195958131843648,0.1656284
GSM1607708,41.03153745072273,0,0.03674207651705132,0.06291863814386067,0.880505790753052,0.8910595499862578,0.6799832971310981,0.3199107
GSM1607709,47.1419185282523,0,-0.1845886237998516,0.14462783442597882,-0.1818764306836112,-0.06435423893774352,-0.34351811339289956,0.3716623
GSM1607710,41.1957950065703,0,0.09947575109712456,0.0944167873648831,0.6299051816588518,0.3409079050355086,0.21386321270814454,0.26138169999999994
GSM1607711,34.95400788436268,0,-0.030422038655444687,-0.08717398594262714,-0.06145264599246527,-0.11943963718355298,0.4107415654526956,0.3199107
GSM1607712,56.63600525624179,1,-0.1351327257771452,-0.1473963889228286,-0.17909309420413674,-0.6708947633918846,0.0032099331364299215,0.25128150000000005
GSM1607713,55.42049934296978,0,-0.9086618216374724,-0.5682358686888321,-0.7500621759825654,-1.697455380614321,-0.2876100523782021,0.21495380000000003
GSM1607714,15.538764783180026,1,0.26680046032387006,0.14449585220156222,0.5648370375051835,1.6236724358648726,0.1572894905879639,0.49394059999999995
GSM1607715,39.88173455978975,1,-0.07664624413771942,-0.021756792941846508,0.8275357871532276,0.14933656016060293,0.4980169437086918,0.27400860000000005
GSM1607716,26.05124835742444,1,-0.41559005269710064,-0.3206106095678838,-0.5456531715698918,-1.6287856943937533,-0.5694764181887896,0.3716623
GSM1607717,31.800262812089354,1,-0.3190637925500256,-0.15098447833595427,0.1562279113788574,-0.07813209275661813,-0.19504504151969887,0.27400860000000005
GSM1607718,31.110381077529563,0,0.4840876609878298,0.04676181523910888,-0.9612759968460335,1.3146364678450133,-0.6336170072013951,0.37404150000000014
GSM1607719,30.650459921156372,0,-0.1952708318273894,-0.10933809719643023,-0.5555025823069532,-1.6458199274543743,-0.5737831843566334,0.3636203
GSM1607720,29.07358738501971,0,-0.187949667165169,-0.22705756032107569,-0.7764208421266751,-1.547434116667101,-0.3846470068726811,0.37015430000000005
GSM1607721,29.040735873850196,0,0.002399821550929441,-0.023749627734458316,-0.5706380842961329,-1.07124536761461,-0.07365397854756035,0.16467819999999989
GSM1607722,30.781865965834427,0,0.0935738050184657,0.1736631251154736,0.30787837010530783,0.2842102414344702,0.03650837911272746,0.27195040000000004
GSM1607723,36.070959264126145,1,0.21296071089365523,0.31675101391560406,1.1326200532312207,1.9843361853240755,0.5495378351440777,0.27195040000000004
GSM1607724,32.91721419185282,1,0.42365490924404114,0.15063334520672278,0.22613368988052088,0.814779433646707,0.09844698830139727,0.2925987
GSM1607725,49.5400788436268,0,0.09773456819326527,-0.0022554259574459404,0.10221846447148018,-0.20990042091758887,-0.11112995612592926,0.16467819999999989
GSM1607726,39.12614980289093,1,-0.7481894296119551,-0.3855022456160377,-1.0854407487179754,-1.2986110980397487,-0.5417511268551739,0.2598737
GSM1607727,37.352168199737186,0,-0.43111035070803577,-0.16031335068981403,-0.9442713476208078,-0.675463493130389,-0.719521467082918,0.3359104
GSM1607728,42.08278580814717,1,-0.04253061857132554,0.0029405431201157,0.9318224656282342,1.5301811572605137,0.5959199278119536,0.5677194999999998
GSM1607729,24.73718791064389,1,-0.21395384015926866,-0.11251788375631468,-0.0130062291314566,-0.20528686003967522,-0.08747074338111895,0.18140089999999987
GSM1607730,34.55978975032851,0,0.5252278873265855,0.25108494388822833,0.34554326890864356,1.0732193236809915,0.32259962509832546,0.16310170000000002
GSM1607731,37.779237844940866,1,-0.3165246477911436,-0.0009504688650553286,0.7489582483984063,0.8054742752185462,0.5209379164461398,0.28993480000000005
GSM1607732,41.72141918528252,1,0.7316213015857906,0.2671248638297415,-0.13414798066749367,0.8193004889367882,0.14949047076817337,0.2862067000000001
GSM1607733,66.65571616294349,0,-0.3459211871532407,-0.12736646091262466,-0.170208777768681,-1.0863205239913605,-0.3326479347860161,0.27400860000000005
GSM1607734,8.771353482260183,1,0.02825531839105642,0.23817360772812493,0.243724285208711,-0.5081286020976794,0.3418500091020302,0.3716623
GSM1607735,40.04599211563732,0,-0.05745913896468602,-0.04630072827254055,0.33757324814012496,0.8869358881754851,0.16136610168643545,0.43739630000000007
GSM1607736,35.282522996057814,0,-0.11689883706384764,-0.07968658205036679,-0.08084329883705035,0.6362328344278783,0.1204010054440255,0.4508396
GSM1607737,38.73193166885677,1,-0.2366434877773263,-0.25805180467645855,-0.4990746748957566,-0.6553087242964394,0.09945680672576995,0.16467819999999989
GSM1607738,35.019710906701704,1,-0.1617007589278816,-0.08783516179663355,-0.24726915403946484,-0.9034019586519533,-0.3791709667481837,0.2725006
GSM1607739,56.40604467805519,0,-0.16854534664437162,-0.0517577504051073,-0.22708849646093854,0.16303936686535114,-0.18383624873809523,0.2725006
GSM1607740,67.64126149802891,0,0.575393711272909,0.3218987669334037,0.2464414917969364,0.49559388942187477,-0.2656882926583592,0.16170279999999992
GSM1607741,5.814717477003942,1,0.2184967729177188,0.3201890659160935,0.6334770984986663,0.35906005594443624,0.2698593392458901,0.25998279999999996
GSM1607742,9.00131406044678,1,0.6885294736134331,0.5062961498498711,0.67768947429934,1.4090892734057456,0.4198764744238791,0.44543829999999995
GSM1607743,64.45466491458606,1,0.10553333794660828,-0.0266948070571288,-0.9885575149010624,0.546450021621339,-0.7357315818902365,0.26390839999999993
GSM1607744,65.73587385019711,0,0.2670304175966346,0.0015701917898762181,-0.2439764568494752,-0.41373389874025884,-0.2419938486929152,0.25998279999999996
GSM1607745,52.46386333771353,0,-0.774036243116541,-0.3874482092670321,0.5851880439424564,-0.14358867935798003,0.474848107585726,0.1520512999999999
GSM1607746,31.044678055190538,0,0.2065272185050933,0.1860246856660978,0.7075299770513238,0.7286774761971622,0.27839554568819785,0.5313623999999999
GSM1607747,31.99737187910644,0,0.13235637671672226,-0.01839859125185174,0.6435978258350404,0.5743059667373019,0.4579748458059749,0.3755879
GSM1607748,32.91721419185282,0,0.26450739743781276,0.012937633498016974,-0.47381099452793385,-0.931793123015305,0.11566486620329522,0.1577365999999999
GSM1607749,33.37713534822602,0,0.2965672512320882,0.21082484950490926,-0.21916736209486165,0.3185574733376024,-0.2789723782260612,0.41092130000000004
GSM1607750,32.98291721419185,0,-0.6143700911526278,-0.2260539220625409,-0.6440080025298194,-0.8170554287812425,-0.4203479240569741,0.3178525
GSM1607751,32.91721419185282,1,-0.5399188073352227,-0.15205225449518742,0.5823926327348136,-0.3165228599822575,0.09612353536327502,0.3139269
GSM1607752,32.26018396846255,0,-0.4468877390841927,-0.39149033064393957,-0.7347658918571567,-0.20693277735711335,-0.3468134977611646,0.1757286
GSM1607753,31.57030223390276,0,0.03583679003167619,0.3464449588272872,1.3819388524165586,1.2568767768230522,0.91931356234023,0.41991349999999994
GSM1607754,31.340341655716163,0,0.2204535666571548,0.059885421239847886,-0.41446777121025946,1.0343273806816493,-0.283323743081757,0.24529769999999995
GSM1607755,31.24178712220762,1,0.32398558574166975,0.024547965358554802,0.1080426058570022,1.1573812164040531,0.09310504624448471,0.40886310000000003
GSM1607756,31.011826544021023,0,-0.0027583132961659113,-0.006244408673180889,-0.10471401271055314,-0.6353767874485589,-0.05334222210517901,0.39689550000000007
GSM1607757,30.913272010512483,0,0.10119310381327816,0.04403823783718518,0.09286893850534521,-0.5218256163527016,-0.18177095621016603,0.35318589999999994
GSM1607758,29.7634691195795,1,-0.5888363677975107,-0.3748802020086766,-1.1712711384871222,-1.707361603149699,-0.5754083045559594,0.1577365999999999
GSM1607759,30.453350854139288,0,0.17374110186620403,0.0992097374634513,0.24384494446726787,0.4772662121212075,0.006247188415805363,0.1541094999999999
GSM1607760,29.43495400788436,0,-0.00464849032244895,0.09086105640758356,0.45419933933720646,1.8394882806321375,0.3393658767815675,0.48131370000000007
GSM1607761,29.664914586070957,1,-0.35434208761512787,-0.23421593228820362,-1.2273357900365887,-0.6991547959190445,-0.36116610257572584,0.48131370000000007
GSM1607762,28.74507227332457,0,-0.10871723232005222,-0.24279445049414075,-0.34728217754794954,-0.8756567748101408,-0.24147620045341364,0.26802479999999995
GSM1607763,29.7634691195795,0,0.1907621322690631,0.30618443291475184,1.3817093522064114,1.411551229119942,0.7975410515978122,0.27195040000000004
GSM1607764,59.39553219448094,1,-0.3816911170079517,-0.09377013805940992,0.033792225224635465,0.2761480746481022,-0.017064297995239255,0.3089338000000001
GSM1607765,60.34822601839684,0,-0.8024046324888199,-0.35118871034106913,-0.3224644877411542,-1.0716021645687512,-0.29648934078536127,0.43019130000000005
GSM1607766,9.986859395532194,1,0.2871565238023739,0.22804424225196818,0.21436826488256833,0.550570028373074,0.20871901804851942,0.1440092999999999
GSM1607767,21.419185282522996,1,0.3930007017674027,0.2999247042012909,0.794716685065503,0.8501524093032717,0.43494832123285415,0.25932349999999993
GSM1607768,66.78712220762155,1,-0.6208205952283785,-0.38652132654304033,-0.509963640291635,0.23264488513574744,-0.6507153543597349,0.3272926
GSM1607769,60.019710906701704,0,0.05386825491540342,0.09105226131502699,0.306977121620316,0.8444070111852674,0.1745690901007346,0.26390839999999993
GSM1607770,61.498028909329825,1,0.18743583552030607,0.18054794729292087,0.1407306567089362,0.025915400051144247,-0.07640869503472948,0.27195040000000004
GSM1607771,66.52431011826543,0,-0.6604954996040384,-0.44776327047372716,-0.5888538669899646,-0.4869578465432506,-0.4128994273146498,0.1607525999999999
GSM1607772,60.939553219448094,0,-0.9097179705620421,-0.4850638784147829,-0.6497405538959846,-1.2072325334761689,-0.6200910372867594,0.43617510000000004
GSM1607773,75.88699080157687,0,0.24297481061658244,0.20070631040071626,0.8915634060342538,0.47803804607119654,0.5095572831141437,0.27400860000000005
GSM1607774,16.392904073587385,1,-0.027241171856941908,-0.050753252142781514,-0.5315885366646808,-1.1495389228168493,-0.2521950989071576,0.2398860999999999
GSM1607775,22.306176084099867,1,0.45572268129801385,0.24551647722093936,-0.14645213695805345,0.2696540422139872,0.14524788252514803,0.32958210000000004
GSM1607776,36.10381077529566,0,-0.2538991068869665,0.1570759960178045,0.8644774640843388,1.2505396951101846,0.32279893803012444,0.26138169999999994
GSM1607777,40.04599211563732,0,-0.25709277256303864,-0.277968221582,0.12892351401743493,0.5790988598905503,0.06822426384324987,0.26390839999999993
GSM1607778,62.54927726675427,0,-0.5386042852466123,-0.2502476923100213,-0.6119777383726146,-1.0097973080663318,-0.07076364916478876,0.1667363999999999
GSM1607779,0.7555847568988173,1,0.6316591497358384,0.259849305436292,-0.2601883507059758,0.8962606649479306,-0.25359068733382223,0.25539789999999996
GSM1607780,38.633377135348226,0,-0.015319683111486704,-0.026823826330966312,-0.5325195965355798,-0.2918913365225442,-0.4563021397649201,0.4037026
GSM1607781,37.680683311432325,0,0.6131830679516366,0.2252008828243496,0.16226463418054263,0.8260132323505283,0.024048637444399414,0.1541094999999999
GSM1607782,38.69908015768725,0,0.5371555364914528,0.12263592619110249,0.1205245105752829,0.567192538102821,0.0392938371680316,0.3741890000000001
GSM1607783,36.892247043363994,0,-0.40797200034042097,-0.3161332186106383,-0.5174343548940679,-1.7455539663706126,-0.38531063188754333,0.16974480000000003
GSM1607784,34.526938239159,0,0.335572440439228,0.14295432852380502,0.09098145678958836,0.951596261076545,0.22842158434973278,0.3615621
GSM1607785,38.89618922470434,0,0.0009913602752236676,0.09941028816193526,0.4117280764461159,0.3693056767214383,-4.729167418176058e-05,0.26390839999999993
GSM1607786,39.15900131406045,0,0.6373377235070735,0.3844125341940279,0.7000942755310885,0.07777799367703055,0.6309782905040575,0.1541094999999999
GSM1607787,59.39553219448094,0,0.004504670307590922,-0.011220283139505138,-1.0862482449678281,0.47183132684881457,-0.9961136744640914,0.27195040000000004
GSM1607788,43.758212877792374,0,0.22210527168578512,0.2136182931214433,0.5970641436884161,0.38967934298348356,0.26685528072959025,0.27195040000000004
GSM1607789,42.8712220762155,0,0.0012750500035934168,0.011642280566788786,0.46817433700667305,0.3740001560653128,0.10923189852372846,0.2886731
GSM1607790,33.63994743758213,0,0.4917159297040592,0.282777439944651,1.0129983109670964,1.580978664249943,0.5739579171713645,0.44543829999999995
GSM1607791,34.82260183968462,0,-0.320102016264761,-0.3359098505572066,-0.9214419056737011,-0.8827624851569454,-0.729463768646901,0.25539789999999996
GSM1607792,19.776609724047304,1,0.2225419217074622,0.12536114579355034,0.38548145353769236,-0.09536727631010831,0.5182449738800766,0.1530015
GSM1607793,27.299605781865964,1,-0.008575842943846983,0.003749998902096577,-0.44312082894321253,-0.5413033951312403,-0.16105751163598006,0.3992652
GSM1607794,35.05256241787122,0,-0.2024035321692964,-0.21926457079961795,-0.11558699720607216,-0.7030244483904496,-0.017613997833686647,0.1541094999999999
GSM1607795,3.876478318002628,1,-0.46131971170857883,-0.13321051073796347,0.2260585582981383,0.47540788486417945,-0.261823588432793,0.2806311
GSM1607796,36.366622864651774,0,0.09051072951521194,0.12589539656958826,-0.030022027880376053,0.5631536853421737,0.0757813605625464,0.41092130000000004
GSM1607797,31.340341655716163,0,0.2855691755762278,0.12355271493373772,-0.007739032791326583,-0.3440198090491708,-0.13633137332496167,0.5743296
GSM1607798,27.398160315374508,0,-0.07752174206812316,0.030977394896302586,0.23571445658100815,-0.0010519483362217835,0.0074553439762072,0.1667363999999999
GSM1607799,8.31143232588699,1,-0.15068692745302367,0.0015193808477268552,0.612428807041679,1.1937661191750708,0.5201588119728211,0.3755879
GSM1607800,41.13009198423127,0,-0.30520352478858354,-0.23126960954007095,-0.4716834318564208,-0.3616275134359457,-0.4280840064795275,0.14907590000000004
GSM1607801,17.115637319316686,1,0.6090337807019109,0.25851457811916206,0.8540386927322714,0.0361673794364651,0.49345245230990037,0.3178525
GSM1607802,31.800262812089354,0,0.6251719639097444,0.2991817825967904,-0.3460429398272797,-0.09817430914166962,-0.19921725284019415,0.43411690000000003
GSM1607803,14.09329829172142,1,0.29975842216705,0.2311903729201116,0.990920723384749,2.299215814292191,0.7117068779307415,0.2398860999999999
GSM1607804,39.78318002628121,0,0.1026478235887672,0.2496279684286539,0.7459309529515122,-0.5861366565216292,0.4328217155472656,0.1481256999999998
GSM1607805,38.83048620236531,0,-0.5582707176056942,-0.3258248920861551,-0.8394778090132666,-0.7428236438540234,-0.47984792609607807,0.26138169999999994
GSM1607806,19.11957950065703,1,-0.5727044221164106,-0.40256271373521646,-1.0535261828013849,-1.607692962106597,-0.3715247131593047,0.21263849999999995
GSM1607807,32.72010512483574,0,-0.6732353488669963,-0.3294509777865416,-0.7184448349934767,0.17420093601851505,-0.48631937946338183,0.39689550000000007
GSM1607808,32.16162943495401,0,0.6178078542299488,0.3878059087292775,0.6257183612299063,0.17450384328626817,0.07647737671534185,0.3755879
GSM1607809,34.26412614980289,0,-0.23825824128223366,-0.08321273923140234,-0.4170228541535139,0.38226043681033095,-0.6658413843817927,0.1757286
GSM1607810,41.72141918528252,1,0.08007561336571808,-0.12247648014924294,-0.28947390993942435,-0.8642779447068539,-0.1807092862796962,0.27400860000000005
GSM1607811,29.07358738501971,0,0.045455330275201156,0.06966531987662009,0.6166462231694089,1.5614480914851563,0.3119260368659698,0.3675459000000001
GSM1607812,38.92904073587385,0,0.679473985786889,0.2346134565315206,0.6013895913786155,-0.2007280465244594,0.36954457646962346,0.1667363999999999
GSM1607813,26.642575558475688,1,-0.44677748684094737,-0.24947350353714112,-0.6999868536021974,-0.9148001031629763,-0.8473947395232866,0.3435709
GSM1607814,33.63994743758213,0,0.39047193350847365,0.501679915269253,1.387713407256964,0.7044998366547107,0.9930709708420229,0.38458009999999987
GSM1607815,28.12089356110381,0,0.24200558207183243,0.0904428980111625,0.10545003691545722,0.8076180297337524,-0.007648224322427504,0.44543829999999995
GSM1607816,33.40998685939553,0,-0.16959062552009294,0.02679561552217297,-0.21133959490440157,-0.4482931585597282,0.22556631733925733,0.39689550000000007
GSM1607817,16.064388961892245,1,-0.6510299735158736,-0.47633453660338754,-0.9751735247219937,-1.9867908313278235,-0.502785527749835,0.05794860000000002
GSM1607818,34.72404730617608,0,-0.3368485869317278,-0.23145982186417838,-0.6442899173622311,-0.6993915962860303,-0.33529105827305256,0.2806311
GSM1607819,34.72404730617608,1,0.07393617415398608,0.16550669232226223,0.6261546163723029,1.6123525646167576,0.47051960347918914,0.48935569999999995
GSM1607820,33.14717477003942,1,0.8414137777242048,0.30190516693622993,0.6840552488947842,-0.10396170345312937,0.3034498837841055,0.1736704
GSM1607821,36.366622864651774,0,0.25093347962225127,0.1311072271458899,-0.07181648200546903,-0.0046877507622413855,-0.04291729194565458,0.3755879
GSM1607822,28.74507227332457,0,-0.4019661679506429,-0.09242407831829842,0.34721565664295667,-0.03611588752246213,0.14320256990206984,0.3098105000000001
GSM1607823,22.634691195795007,1,0.012819583294827106,-0.023001630979415492,0.08365772546988402,-0.5841332714402205,-0.17057140462529252,0.26802479999999995
GSM1607824,9.034165571616294,1,-0.41344936360786716,-0.37634006466505,-0.818250625056202,-0.769527770801318,-0.40639690717067706,0.25539789999999996
GSM1607825,20.729303547963205,1,0.437170314659446,0.20456405852359189,-0.14485682877688852,-0.1772105033473944,-0.25251430215416776,0.19156139999999994
GSM1607826,44.842312746386334,0,-0.5022331087571682,-0.23997283866628225,-0.4244223511264242,-0.4503371147241627,-0.6531558250256696,0.26138169999999994
GSM1607827,26.773981603153743,0,-0.14271218421995946,-0.21197323491027076,-0.4582018449407216,-1.335100366053379,-0.13525598168464428,0.1527105999999998
GSM1607828,26.05124835742444,0,0.15342220042336874,0.053587168098528176,-0.21978374141514337,0.2807911411152289,-0.2746784985206778,0.27400860000000005
GSM1607829,11.695137976346912,1,0.06917921985190155,0.14614020753290394,0.8667084282352703,1.2691057089246374,0.44506154389374686,0.4637574
GSM1607830,26.084099868593952,0,-0.2053267494572532,0.05560661853844952,0.03012676232067907,2.1827815513359905,0.09849025296080231,0.5536607
GSM1607831,26.05124835742444,0,-0.12165135872331911,-0.14743232369127454,-0.6379950483463038,-0.7355444564029772,-0.05401317474825255,0.3319113
GSM1607832,8.935611038107753,1,-0.5863603149456538,-0.3007849347091406,-0.04183404479375627,0.3227623568342768,-0.1463941153779738,0.1520512999999999
GSM1607833,33.67279894875164,0,0.5510216927602433,0.31144132877633873,0.15600174150983487,0.35432970764207516,-0.12805418421266504,0.26390839999999993
GSM1607834,24.113009198423125,0,-0.8767128593768413,-0.46873836883039327,-1.299176165760214,-1.820212362193509,-0.6143931911817744,0.17120460000000004
GSM1607835,27.792378449408673,0,0.5051140400925174,0.37822919825092677,0.22603323449297363,0.6762588712144492,0.3306818479734787,0.5975781000000001
GSM1607836,23.423127463863338,0,-0.49182044666870967,-0.16097218638394536,-0.19699903555053971,-0.35898592221732784,-0.6821168181345985,0.23293820000000004
GSM1607837,40.90013140604468,0,0.10992235398685525,0.2959494826675667,0.8204333892782348,-0.44915961037366314,0.5814544446638554,0.27108109999999996
GSM1607838,23.817345597897503,1,0.020196033941360336,-0.011420539842583255,1.0818816778399643,0.335118457730185,0.7240815048387936,0.3199107
GSM1607839,24.802890932982915,0,-0.10181661451239211,-0.22463569589414772,-0.42621603193877095,0.08840044257843983,0.06878636570012929,0.2903231
GSM1607840,24.901445466491456,0,0.002492665098907358,0.018589671404305206,0.4477091665160264,0.6743345122129614,0.33361307153506503,0.2963069
GSM1607841,13.699080157687254,1,-0.059705553842979785,0.07991192728069829,0.28624211871573885,-1.5386441042808459,-0.12090717885538674,0.4673921
GSM1607842,42.41130091984231,0,0.4606580145311685,0.09780692219036109,-0.1185121424080121,0.3674785777132412,0.2377770154138333,0.24735589999999996
GSM1607843,8.83705650459921,1,-0.1667576547779947,-0.2240607512699437,-0.9393158494010427,-0.5609224070207975,-0.664568324281913,0.3842892
GSM1607844,23.98160315374507,0,-0.43015077470336893,-0.274995393595696,-0.8511117524207176,-1.7206605145504028,-0.4612293167519741,0.2886731
GSM1607845,28.97503285151117,0,-0.18997038657805768,-0.025243815870351297,-0.9669235524691601,-1.1302072670065362,-0.19018323390166406,0.1520512999999999
GSM1607846,25.09855453350854,0,0.347141737600314,0.05786681573511876,0.6606015417876396,0.7330323392524699,0.32831644063563503,0.3755879
GSM1607847,34.78975032851511,0,0.3649506849596431,0.10969966414624269,-0.20281556497891592,0.43301727094519704,-0.15908779433683373,0.27195040000000004
GSM1607848,24.40867279894875,0,-0.016990542818059506,0.03978969574044857,0.23330227700316877,1.443709771084039,-0.14890708995801646,0.37404150000000014
GSM1607849,8.442838370565045,1,0.028349703110143735,0.21485545533064018,0.2841593527940585,-0.12827171689428513,0.45003233831976996,0.2886731
GSM1607850,20.269382391590014,1,-0.5797689799890747,-0.11820698791848826,0.2858772016896513,-0.7105637442218203,0.2867300794127383,0.26138169999999994
GSM1607851,3.9421813403416555,1,0.7783376702816016,0.4356358092187008,0.26511313846789347,0.8037980527259329,0.19763432481084972,0.2946569
GSM1607852,38.17345597897503,0,0.44303127137874077,0.07938376476418632,0.3554995496148876,0.047865194537165354,0.17410773160921095,0.21263849999999995
GSM1607853,24.901445466491456,0,-0.3393511550971392,-0.22934214021037902,-0.05606518533236774,0.12034075522979872,0.021519424401713273,0.25932349999999993
GSM1607854,25.131406044678055,0,0.595083671152597,0.3535501407949305,0.5406682572051781,-0.07935757590162949,0.5571228956582379,0.21263849999999995
GSM1607855,4.7963206307490145,1,0.1560795763267944,-0.009420622735679594,-0.09295792142529387,0.24313971661574318,0.002537694723613575,0.25539789999999996
GSM1607856,6.865965834428383,1,0.8541366962591123,0.39511095095402626,0.3171873305842,0.10364128355068998,0.5055493153495993,0.27195040000000004
GSM1607857,25.26281208935611,0,0.21011924686824082,0.1795952718971341,-0.3778160348538885,-0.010105839486391419,-0.17045487178245752,0.24735589999999996
GSM1607858,25.78843626806833,0,0.5706569374921472,0.3228825870638392,0.6103402404136964,0.309297513227515,0.5429856317625351,0.16310170000000002
GSM1607859,27.69382391590013,0,-0.09977202448944748,-0.025955258594465735,-0.2908548218660555,-0.04262606507669063,-0.1582899040695434,0.2925987
GSM1607860,27.135348226018397,0,0.12972250038741592,0.2531886788648182,1.633986402322515,0.962329822020455,1.3657921519198637,0.2925987
GSM1607861,8.47568988173456,1,-0.3453946811553119,-0.13034309382587345,-0.08970561646949807,0.15753423272675554,-0.4562138733528816,0.35318589999999994
GSM1607862,4.566360052562418,1,-0.3290498984639992,-0.2336043357811476,0.2289065563802741,-0.6548876579623076,-0.5249321634742312,0.25128150000000005
GSM1607863,23.324572930354794,0,-0.4655951328582616,-0.3409565349643561,-0.590069418982064,-1.2227187953252465,-0.2204077632949922,0.25539789999999996
GSM1607864,25.26281208935611,0,0.32245117483064856,0.14386698415353535,0.659155810161559,0.14801223362554428,0.2192617081684004,0.42607490000000015
GSM1607865,10.019710906701707,1,0.9443885861976927,0.6015722584989022,0.8714087907610117,1.3558472476804329,0.48137077419054713,0.5869359000000001
GSM1607866,28.613666228646515,0,0.1822496437382805,0.09289683553515417,-0.16661791072786497,0.6141718687890954,-0.14062760215026565,0.3882148000000001
GSM1607867,15.308804204993429,1,-0.23736538892514208,-0.21700339618832837,-0.37728944240025997,-0.6248092462828739,-0.001825712924107922,0.26138169999999994
GSM1607868,28.088042049934295,0,-0.245856849058674,-0.21283074471542415,-1.1541039036786787,-0.9108731245658536,-1.050262667370565,0.26802479999999995
GSM1607869,28.153745072273324,0,0.3848703710044739,0.33458615728285757,0.050641589307534984,0.6719961349210789,0.016106982607061688,0.3178525
GSM1607870,27.59526938239159,0,-0.2578380906894615,-0.3432375890675507,-0.19175149746166786,-0.5636383168738287,0.09262297615726482,0.2963069
GSM1607871,4.829172141918528,1,-1.0332462876602242,-0.45410259752101706,-0.8255091875511417,-1.295646513686283,-0.3997452722518781,0.31241890000000005
GSM1607872,5.978975032851511,1,0.46919517985906,0.32202298554726905,0.09455796326028679,0.09872181520162861,-0.008216875884149648,0.21957250000000006
GSM1607873,27.102496714848883,0,0.19065812720854544,0.0805437061870707,0.15829168098276308,0.18539848356115662,0.31624497978758487,0.3806544999999999
GSM1607874,25.952693823915897,0,0.4122731253675933,0.11658081760948771,0.4032212084474243,0.03831964906616288,0.1913580799385975,0.16467819999999989
GSM1607875,28.8107752956636,0,0.5440894922612469,0.3841688977637369,0.40911990793998915,1.2463000958864585,0.25918596560405993,0.27195040000000004
GSM1607876,26.708278580814717,0,0.16833501981866436,-0.029062769927887994,0.4688180370616393,1.123086036426508,0.7345373808096911,0.31948190000000015
GSM1607877,8.804204993429698,1,0.43560594547752257,0.18361915815064137,0.7321314215659002,-0.016944208002222502,0.6199863900790198,0.2598737
GSM1607878,25.78843626806833,0,-0.349919872732493,-0.3653878105139209,-0.3449322254553582,-1.6279739545653835,-0.2528766114162409,0.4634665
GSM1607879,25.52562417871222,0,0.14309871311314062,-0.06426855206191681,0.12532639529136194,0.2971156489264952,0.16649300142280637,0.27400860000000005
GSM1607880,25.558475689881732,0,-0.5983459339092395,-0.3212642323211281,-0.628252015440439,-0.8132094563619411,-0.00193829857703317,0.1481256999999998
GSM1607881,25.854139290407357,0,-0.5838099989174196,-0.1280796688243549,-0.11819474590304191,0.0034269783379648894,-0.2139815107314522,0.16467819999999989
GSM1607882,24.638633377135346,0,0.191791168888504,0.11563726694836647,-0.6231157741786522,-0.6780233841326909,-0.266219426648803,0.2946569
GSM1607883,10.64388961892247,1,0.7126814710306403,0.4233134106313129,-0.12010595946256512,1.082102554634437,-0.21974266660413314,0.6065703
GSM1607884,36.629434954007884,0,-0.3801166891874922,-0.22761633825507924,-0.10555158981643446,1.376453612445179,-0.1843366307901318,0.3675459000000001
GSM1607885,9.165571616294349,1,0.6552322569457044,0.22230158042199577,0.7820443067403223,0.7267824294882593,-0.012861192926242344,0.26390839999999993
GSM1607886,24.342969776609724,0,0.44867255628838304,0.3751525250555335,0.7041990903069654,1.121682677902342,0.4461062940093851,0.37404150000000014
GSM1607887,25.09855453350854,0,-0.3443252751691714,-0.5157745495813806,-0.7226879688269275,-1.5090557001792377,-0.1952379662360155,0.1757286
GSM1607888,25.26281208935611,0,-0.6215937835438476,-0.25785797564531837,0.047361105405215945,-0.5207850462214761,-0.04458769322852229,0.25932349999999993
GSM1607889,24.67148488830486,0,0.050134166671341136,0.13501508337426596,0.3797465305289324,0.3596340963392255,0.2725133561005664,0.2963069
GSM1607890,6.964520367936925,1,0.18089248442166309,0.15606591920005203,0.5572526945693655,0.1729698935565916,0.31170723602855505,0.17728449999999996
GSM1607891,10.676741130091983,1,-0.3773614822429243,-0.30710160940254966,-0.8805897953371173,-1.8611089931985405,-0.3931812758952799,0.31241890000000005
GSM1607892,20.2365308804205,1,-0.23391755114937274,-0.09169868600402949,-0.5940372362721728,-0.785841915993948,-0.5238821857881559,0.26802479999999995
GSM1607893,25.492772667542706,0,-0.2600314628842824,-0.19122143307842512,-0.26264675635109025,-0.0589008094574186,-0.2283668430412593,0.3902730000000001
GSM1607894,27.102496714848883,0,0.2766121200228151,0.3274707783897556,0.27818744304745047,1.093589144674942,0.20193297302701818,0.25128150000000005
GSM1607895,44.57950065703022,0,0.40988848853721865,0.27093779308241256,0.7106942015911974,0.7812034344715745,0.9954952273823059,0.19960339999999993
GSM1607896,34.92115637319316,1,0.5291193757131684,0.11595014407008325,0.37313030058538443,0.21400258055976984,-0.1353133728741748,0.27195040000000004
GSM1607897,9.658344283837057,1,0.4833047174972493,0.3349708342098169,0.5210780239998016,-0.27232592612779877,0.1505262360489829,0.40493750000000006
GSM1607898,22.339027595269382,0,0.1142125912223611,0.11838385067156564,0.17829450091282345,1.2770543954881697,-0.13236541577057778,0.16467819999999989
GSM1607899,22.634691195795007,0,-0.12106874286846153,-0.21363738489492023,-0.5763843185452517,-0.20599325036043548,-0.035885642443483357,0.16310170000000002
GSM1607900,21.583442838370566,0,-0.13021203144521434,-0.010469781175657533,0.6525267818238195,-0.6725044435313964,0.27573559555032867,0.3199107
GSM1607901,12.02365308804205,1,-0.4859557238894573,-0.30183488029778094,-0.5070078195202925,-1.1717664861267063,-0.37844244180936853,0.2886731
GSM1607902,20.07227332457293,1,-0.46330674019509466,-0.34690265240494095,0.10334873784268388,-0.2472672820487205,0.3347698938360477,0.27400860000000005
GSM1607903,21.846254927726676,0,0.2962548356401578,0.1852031288436508,0.17033543168876492,0.4465931321653425,0.22454843666305377,0.2942487
GSM1607904,23.028909329829172,0,-0.33284210396658265,-0.012357539800218054,0.6776602892886989,1.0434934950722026,0.19418723247841815,0.5460269
GSM1607905,21.583442838370566,0,-0.4654150105172594,-0.3227472122816253,-0.8583122730702705,-1.4781343064200094,-0.4473491430556446,0.2538899
GSM1607906,20.76215505913272,0,-0.09245391651992511,-0.09392889692406735,-0.558793413369657,1.0582861531823469,-0.3048310445225572,0.2845567000000001
GSM1607907,5.289093298291721,1,0.36220273464583336,0.2178590886678025,-0.26580666974382483,-0.49739561566406,-0.1649868565553085,0.43617510000000004
GSM1607908,13.633377135348226,1,0.49182931915646116,0.3179024393439276,0.23765953414988406,0.5285618306819432,0.20186040503284916,0.19960339999999993
GSM1607909,20.33508541392904,0,-0.07755599006134646,-0.18080602536265425,-0.9012897066180267,1.0758438108316735,-0.8215061760220872,0.3882148000000001
GSM1607910,19.87516425755585,0,-0.01094796429951384,-0.06934942046713603,-0.08803771896082277,-0.5941758364895426,0.08505758838354212,0.1481256999999998
GSM1607911,21.419185282522996,0,0.007532949318166647,0.09423333118824527,0.45431223936820636,1.579130717662811,0.647503264812976,0.2862067000000001
GSM1607912,21.12352168199737,0,-0.2537951462094309,-0.19457500591187368,-0.4685867345185974,0.06776243239712222,-0.2163462317836416,0.27400860000000005
GSM1607913,19.80946123521682,0,0.13896546091011205,0.036635475156382435,0.22563876918362472,0.13647014581579298,0.24471090476996443,0.25932349999999993
GSM1607914,39.7503285151117,1,0.31047037885946926,0.19182379552956114,0.0016284947954815943,-0.19028253924159833,-0.18256187509951718,0.26138169999999994
GSM1607915,16.754270696452036,1,0.11186032852784628,0.10991701581180717,0.3865037359220809,-1.518969000790718,0.3635628076344361,0.16170279999999992
GSM1607916,21.747700394218132,1,0.49513290576686375,0.13102792229126883,0.45456194762030255,0.11655849551621682,0.298268208262555,0.16974480000000003
GSM1607917,6.176084099868594,1,-0.11194339885732286,0.1261391609842144,0.8959337267106681,2.0704987799296872,0.7422644164987561,0.2963069
GSM1607918,1.5111695137976346,1,-0.8013341022184071,-0.5914237029357038,-1.315841814189851,-2.2097038742246893,-0.44680795359044306,0.18436869999999994
GSM1607919,25.7227332457293,0,0.2942158533048794,0.059559727192926376,-0.1724648542654655,0.20021578617074953,-0.11432932659310455,0.2822811
GSM1607920,35.05256241787122,0,0.9381091732694693,0.4337193697786362,0.8958351484890594,0.17788168710593566,0.21838794522116162,0.21957250000000006
GSM1607921,11.300919842312746,1,-0.09852678853986654,-0.018245846447214553,-0.408918044999051,-0.6013487576074535,-0.3194275797392861,0.24054539999999983
GSM1607922,27.365308804204993,0,-0.20303240786826451,-0.035888275925642525,0.20604858588305922,-0.15109424014488082,0.15687641873421368,0.18532649999999995
GSM1607923,26.445466491458607,0,0.10920159182761005,0.017576223653974928,-0.1756624233111532,-0.20781256621123756,-0.3540582291916889,0.3882148000000001
GSM1607924,5.059132720105125,1,0.6584440946382228,0.30633337947830286,0.7858810115487405,0.798010313313611,0.5503370421184628,0.32958210000000004
GSM1607925,24.113009198423125,0,0.47600193296345056,0.2289474759299004,0.6882469818122366,2.3283334364459085,0.4060432554590477,0.3038267
GSM1607926,6.504599211563732,1,0.16235575007924252,0.3071540050118337,0.18465941792255666,0.4218213868627988,0.13499708429752552,0.3776461
GSM1607927,18.988173455978973,1,-0.25633155092383636,-0.23289133751114113,-1.4517049298199574,-1.4630290678458253,-0.8488202465639978,0.43918349999999995
GSM1607928,11.366622864651774,1,0.2723093333867851,0.05669775248642941,0.1651089881634024,0.5632522089394559,0.4214302234840299,0.26802479999999995
GSM1607929,19.579500657030223,0,-0.6310466777587012,-0.5064449752417959,-1.1674015513915927,-2.3714264417186524,-0.4285222223734349,0.15857769999999993
GSM1607930,19.38239159001314,0,0.3014755969669682,0.08228162230976381,-0.16529135286077795,-0.2800255429174313,-0.06480526469511885,0.27936609999999995
GSM1607931,19.579500657030223,0,-0.23576698461770157,-0.18028491041548583,-0.3274706166700238,0.46487427296623823,-0.27515391288282814,0.21758779999999994
GSM1607932,11.76084099868594,1,0.3623530610950785,0.2903209742033572,0.25465160884682275,0.5809689775645362,-0.03183701725748019,0.3882148000000001
GSM1607933,19.38239159001314,0,-0.4147456511235253,-0.18664074827645644,-0.12804457540539932,-0.7469488743565028,0.043156080175659306,0.2946569
GSM1607934,19.11957950065703,0,0.026089778855168173,0.19580743045306773,0.18598313182673298,1.7188460645766592,-0.14598474501532702,0.18697649999999993
GSM1607935,19.086727989487514,0,-1.4104313532844672,-0.7814311288171434,-0.9400848309890367,-2.0679986789135207,-0.6283217613305445,0.1858691
GSM1607936,18.166885676741128,0,0.4128449179775456,0.09724344429705367,0.18671662317553067,0.1615869514526958,0.18908154443934397,0.16467819999999989
GSM1607937,18.85676741130092,0,1.0070143748768845,0.406298160057362,0.5793128326350488,0.6448191742885879,0.4468441594772432,0.5915943
GSM1607938,19.87516425755585,0,-0.013476886958265816,0.011507375011395045,-0.43798674507918073,-0.05652045369715257,-0.11200128937566477,0.25998279999999996
GSM1607939,19.80946123521682,0,0.133302300936707,-0.002116782253729554,0.24588553191345855,0.24360746303719555,0.01708503879916316,0.3755879
GSM1607940,19.11957950065703,0,-0.26125149614843163,-0.13248596014314082,-0.208371914802344,-0.6869888453998735,-0.3407218579675334,0.3716623
GSM1607941,18.95532194480946,0,-0.2106346196571182,-0.2627262407926511,-0.11868591722773911,-0.6379982865664239,-0.010245876687681885,0.3199107
GSM1607942,0.657030223390276,1,0.992274086013896,0.6575887020086537,1.417749983326375,1.1060580321974793,0.6703180316796167,0.2925987
GSM1607943,18.593955321944808,0,-0.13453858013024075,-0.08144594532118855,-1.3376974154007992,-0.7939371643071728,-0.42168616585304813,0.23295210000000002
GSM1607944,19.579500657030223,0,-0.41157154446861255,-0.2721322014144175,-0.6704242875200921,-0.6582548627497977,-0.1726661871227181,0.24735589999999996
GSM1607945,22.07621550591327,0,0.5158671586006921,0.28131909484329926,-0.09407580321958353,0.10984242620831076,-0.033739343171528234,0.3882148000000001
GSM1607946,18.134034165571617,0,0.4595969620420605,0.34301205670709717,0.7873983420806678,0.4466363236078257,0.2760008123371566,0.2942487
GSM1607947,18.035479632063073,0,-1.1622514066963205,-0.7191084100352642,-0.9580817427123103,-1.7485333682065154,-0.5456575696941959,0.17838489999999996
GSM1607948,17.936925098554532,0,0.12902063576991454,0.08862940921172538,0.21285582869384456,-1.4409052731666594,0.567429086064895,0.22730299999999992
GSM1607949,18.495400788436267,0,0.40942812468216383,0.15427843656266046,0.017756871575395333,0.05834154335192877,-0.18320221605020712,0.26138169999999994
GSM1607950,20.466491458607095,0,-0.10715619922284043,0.12839607584557441,0.6096570728028889,-0.142741617794563,0.08872474695378443,0.25932349999999993
GSM1607951,19.612352168199735,0,-0.23952184336240293,-0.19573735646776463,-0.9869811765692049,-1.3371113202167595,-0.46445431245393887,0.3139269
GSM1607952,0.36136662286465177,1,-0.4200709730532742,-0.22431466396980648,-0.19576660645236038,-0.1492053532575267,0.09430807020938421,0.26138169999999994
GSM1607953,18.95532194480946,0,0.14126714611142024,0.05066211281731565,0.23344681711659665,0.5116974915439115,0.013849574748809861,0.16467819999999989
